NO_REGIAO;TP_DIMENSAO;TP_CATEGORIA_ADMINISTRATIVA;QT_VG_TOTAL;QT_VG_NOVA;QT_ING;QT_CONC;QT_INSCRITO_TOTAL
Nordeste;3;1;150;150;0;0;416
Centro-Oeste;3;1;548;500;0;0;980
Sudeste;3;2;3930;3930;0;0;12946
Sudeste;3;4;8977;2458;0;0;1201
Sudeste;3;4;10075;2847;0;0;2779
Sudeste;3;4;20;14;0;0;30
Sudeste;3;4;54;46;0;0;60
Sudeste;3;4;448;400;0;0;403
Sudeste;3;4;1106;1000;0;0;770
Sul;3;4;2016;2009;0;0;4717
Sul;3;4;2039;2012;0;0;3036
Sul;3;4;2014;2003;0;0;621
Nordeste;3;4;17681;8850;0;0;19
Nordeste;3;4;2;2;0;0;10
Sudeste;3;4;1529;1500;0;0;364
Sudeste;3;4;1060;1000;0;0;420
Sudeste;3;4;800;800;0;0;126
Sul;3;4;505;500;0;0;8
Sul;3;4;505;500;0;0;44
Sudeste;3;4;331;284;0;0;350
Sudeste;3;4;612;600;0;0;125
Sudeste;3;4;627;600;0;0;203
Sudeste;3;4;95;70;0;0;181
Centro-Oeste;3;4;250;250;0;0;158
Centro-Oeste;3;4;301;300;0;0;66
Centro-Oeste;3;4;150;150;0;0;7
Nordeste;3;4;12;7;0;0;20
Sul;3;4;212;200;0;0;31
Sul;3;4;229;200;0;0;89
Sul;3;4;115;87;0;0;95
Sul;3;4;990;737;0;0;811
Sudeste;3;5;513;500;0;0;199
Sudeste;3;5;5112;5001;0;0;760
Sudeste;3;5;308;222;0;0;726
Sudeste;3;5;8868;8850;0;0;12
Sul;3;5;326;0;0;0;0
Sudeste;3;5;225;210;0;0;64
Sudeste;3;5;380;300;0;0;231
Sul;3;5;4;2;0;0;20
Sul;3;5;14;12;0;0;30
Sul;3;5;1854;770;0;0;51
Sul;3;5;598;465;0;0;598
Sul;3;5;800;800;0;0;953
Sudeste;3;5;1560;1560;0;0;540
Sudeste;3;5;336;300;0;0;116
Sudeste;3;5;342;300;0;0;148
Sudeste;3;5;455;240;0;0;288
Centro-Oeste;3;5;400;400;0;0;16
Centro-Oeste;3;5;500;300;0;0;420
Sudeste;3;5;54;50;0;0;22
Sudeste;3;4;33;33;0;0;33
Sudeste;3;4;142;142;0;0;142
Sudeste;3;4;38;38;0;0;38
Sudeste;3;4;5;3;0;0;20
Sudeste;3;4;35;27;0;0;40
Sudeste;3;4;1;1;0;0;10
Nordeste;3;4;201;200;0;0;11
Nordeste;3;4;207;200;0;0;88
Sul;3;4;52;44;0;0;60
Sul;3;4;11;10;0;0;30
Sudeste;3;4;2300;2300;0;0;124
Sudeste;3;4;3002;3000;0;0;126
Sudeste;3;4;1050;1050;0;0;25
Sudeste;3;4;2002;2000;0;0;36
Sudeste;3;4;502;500;0;0;57
Sudeste;3;4;83;68;0;0;100
Sudeste;3;4;450;450;0;0;450
Sudeste;3;4;900;450;0;0;900
Centro-Oeste;3;4;3000;3000;0;0;171
Centro-Oeste;3;4;3001;3000;0;0;285
Centro-Oeste;3;4;2650;2650;0;0;126
Centro-Oeste;3;4;600;500;0;0;262
Centro-Oeste;3;4;600;500;0;0;202
Nordeste;3;4;3988;1375;0;0;64
Sudeste;3;4;1852;530;0;0;526
Sudeste;3;4;1764;532;0;0;1196
Sudeste;3;4;950;600;0;0;119
Sudeste;3;4;1040;640;0;0;330
Sul;3;4;1;1;0;0;10
Sul;3;4;14;13;0;0;30
Sudeste;3;4;50;50;0;0;53
Sul;3;4;501;500;0;0;13
Sul;3;4;506;500;0;0;19
Sul;3;4;2015;2000;0;0;190
Sul;3;4;1842;1801;0;0;550
Sul;3;4;700;600;0;0;270
Sul;3;4;1000;1000;0;0;357
Sul;3;4;1365;1000;0;0;1806
Sul;3;4;5200;1406;0;0;525
Sul;3;4;5064;1406;0;0;1366
Nordeste;3;4;3;3;0;0;10
Centro-Oeste;3;4;4194;1100;0;0;70
Centro-Oeste;3;4;4181;1100;0;0;156
Sul;3;4;5000;5000;0;0;25
Sul;3;4;5000;5000;0;0;1116
Nordeste;3;4;1677;440;0;0;43
Nordeste;3;4;1669;440;0;0;117
Nordeste;3;4;8110;2134;0;0;382
Nordeste;3;4;8059;2134;0;0;794
Nordeste;3;4;3;2;0;0;20
Sudeste;3;4;980;500;0;0;500
Nordeste;3;4;101;100;0;0;3
Nordeste;3;4;500;500;0;0;0
Nordeste;3;4;17498;8850;0;0;202
Sul;3;4;9;8;0;0;20
Sudeste;3;4;510;500;0;0;503
Sudeste;3;4;510;500;0;0;501
Sudeste;3;4;510;500;0;0;501
Sul;3;4;700;500;0;0;185
Sul;3;4;1005;1000;0;0;32
Sudeste;3;4;215;200;0;0;20
Nordeste;3;4;17622;8850;0;0;2
Sudeste;3;4;6500;6500;0;0;110
Sul;3;4;4230;4000;0;0;2069
Sudeste;3;5;10000;10000;0;0;23
Sudeste;3;5;229;200;0;0;351
Centro-Oeste;3;5;1030;1000;0;0;208
Sul;3;5;224;200;0;0;107
Sudeste;3;5;1040;1000;0;0;60
Norte;3;5;116;60;0;0;4
Sul;3;5;200;200;0;0;2
Nordeste;3;5;235;235;0;0;151
Sudeste;3;5;578;399;0;0;512
Sudeste;3;5;867;305;0;0;124
Sudeste;3;4;405;400;0;0;44
Sudeste;3;4;500;500;0;0;54
Sudeste;3;4;500;500;0;0;43
Centro-Oeste;3;4;120;80;0;0;40
Sudeste;3;4;500;500;0;0;54
Sudeste;3;4;0;0;0;0;0
Sudeste;3;4;160;160;0;0;4795
Sudeste;3;5;330;300;0;0;330
Sudeste;4;4;0;0;1;0;0
Sul;4;4;0;0;0;0;0
Sul;4;4;0;0;1;0;0
Sul;4;4;0;0;9;0;0
Sul;4;4;0;0;0;0;0
Sudeste;4;5;0;0;0;4;0
Centro-Oeste;1;4;306;240;16;18;270
Centro-Oeste;1;5;300;240;89;0;284
Centro-Oeste;1;5;260;240;1;0;98
Centro-Oeste;1;5;0;0;0;12;0
Centro-Oeste;1;5;175;160;82;23;156
Centro-Oeste;2;4;0;0;9;1;0
Centro-Oeste;2;4;0;0;17;10;0
Centro-Oeste;2;4;0;0;48;5;0
Centro-Oeste;2;4;0;0;84;23;0
Centro-Oeste;2;4;0;0;11;3;0
Centro-Oeste;2;4;0;0;34;3;0
Centro-Oeste;2;4;0;0;8;0;0
Centro-Oeste;2;4;0;0;0;0;0
Centro-Oeste;2;4;0;0;3;0;0
Centro-Oeste;2;4;0;0;2;4;0
Centro-Oeste;2;4;0;0;0;0;0
Centro-Oeste;2;4;0;0;6;0;0
Centro-Oeste;2;4;0;0;34;3;0
Centro-Oeste;2;5;0;0;2;0;0
Centro-Oeste;2;5;0;0;0;0;0
Centro-Oeste;2;5;0;0;0;0;0
Centro-Oeste;2;5;0;0;1;0;0
Centro-Oeste;2;5;0;0;6;0;0
Centro-Oeste;2;5;0;0;1;0;0
Centro-Oeste;2;4;0;0;2;0;0
Centro-Oeste;2;4;0;0;4;0;0
Centro-Oeste;2;4;0;0;1;0;0
Centro-Oeste;2;4;0;0;1;0;0
Centro-Oeste;2;4;0;0;9;0;0
Centro-Oeste;2;4;0;0;1;0;0
Centro-Oeste;2;4;0;0;5;0;0
Centro-Oeste;2;4;0;0;8;0;0
Centro-Oeste;2;4;0;0;3;0;0
Centro-Oeste;2;4;0;0;30;0;0
Centro-Oeste;2;4;0;0;19;16;0
Centro-Oeste;2;4;0;0;23;9;0
Centro-Oeste;2;4;0;0;46;6;0
Centro-Oeste;2;4;0;0;0;0;0
Centro-Oeste;2;4;0;0;1;0;0
Centro-Oeste;2;4;0;0;5;0;0
Centro-Oeste;2;4;0;0;8;1;0
Centro-Oeste;2;4;0;0;10;1;0
Centro-Oeste;2;4;0;0;13;0;0
Centro-Oeste;2;4;0;0;46;4;0
Centro-Oeste;2;4;0;0;22;9;0
Centro-Oeste;2;4;0;0;45;13;0
Centro-Oeste;2;4;0;0;12;0;0
Centro-Oeste;2;4;0;0;14;0;0
Centro-Oeste;2;4;0;0;1;0;0
Centro-Oeste;2;4;0;0;216;0;0
Centro-Oeste;2;4;0;0;1;1;0
Centro-Oeste;2;4;0;0;1;0;0
Centro-Oeste;2;4;0;0;3;2;0
Centro-Oeste;2;4;0;0;1;0;0
Centro-Oeste;2;4;0;0;1;0;0
Centro-Oeste;2;4;0;0;0;2;0
Centro-Oeste;2;4;0;0;48;0;0
Centro-Oeste;2;5;0;0;0;0;0
Centro-Oeste;2;5;0;0;48;10;0
Centro-Oeste;2;5;0;0;6;2;0
Centro-Oeste;2;5;0;0;1;0;0
Centro-Oeste;2;4;0;0;11;6;0
Centro-Oeste;2;4;0;0;2;0;0
Centro-Oeste;2;4;0;0;2;0;0
Centro-Oeste;2;4;0;0;0;0;0
Centro-Oeste;2;4;0;0;1;0;0
Centro-Oeste;2;4;0;0;1;0;0
Centro-Oeste;2;4;0;0;2;0;0
Centro-Oeste;2;4;0;0;0;0;0
Centro-Oeste;2;4;0;0;0;1;0
Centro-Oeste;2;4;0;0;4;0;0
Centro-Oeste;2;4;0;0;0;0;0
Centro-Oeste;2;4;0;0;1;0;0
Centro-Oeste;2;4;0;0;1;0;0
Centro-Oeste;2;4;0;0;0;0;0
Centro-Oeste;2;4;0;0;2;1;0
Centro-Oeste;2;4;0;0;0;0;0
Centro-Oeste;2;4;0;0;1;0;0
Centro-Oeste;2;4;0;0;1;1;0
Centro-Oeste;2;4;0;0;0;1;0
Centro-Oeste;2;4;0;0;2;0;0
Centro-Oeste;2;4;0;0;2;0;0
Centro-Oeste;2;4;0;0;2;0;0
Centro-Oeste;2;4;0;0;0;1;0
Centro-Oeste;2;4;0;0;1;0;0
Centro-Oeste;2;4;0;0;1;0;0
Centro-Oeste;2;4;0;0;1;0;0
Centro-Oeste;2;4;0;0;0;0;0
Centro-Oeste;2;4;0;0;1;0;0
Centro-Oeste;2;4;0;0;2;0;0
Centro-Oeste;2;4;0;0;2;1;0
Centro-Oeste;2;4;0;0;7;0;0
Centro-Oeste;2;4;0;0;4;0;0
Centro-Oeste;2;5;0;0;1;0;0
Centro-Oeste;2;4;0;0;1;0;0
Centro-Oeste;2;4;0;0;1;0;0
Centro-Oeste;2;4;0;0;0;0;0
Centro-Oeste;2;4;0;0;0;0;0
Centro-Oeste;2;4;0;0;1;0;0
Centro-Oeste;2;4;0;0;1;0;0
Centro-Oeste;2;4;0;0;7;0;0
Centro-Oeste;2;4;0;0;1;0;0
Centro-Oeste;2;4;0;0;0;0;0
Centro-Oeste;2;4;0;0;1;0;0
Centro-Oeste;2;4;0;0;0;0;0
Centro-Oeste;2;4;0;0;0;1;0
Centro-Oeste;2;4;0;0;2;0;0
Centro-Oeste;2;4;0;0;0;0;0
Centro-Oeste;2;4;0;0;1;0;0
Centro-Oeste;2;4;0;0;1;0;0
Centro-Oeste;2;4;0;0;0;0;0
Centro-Oeste;2;4;0;0;0;0;0
Centro-Oeste;2;4;0;0;0;0;0
Centro-Oeste;2;4;0;0;2;0;0
Centro-Oeste;2;4;0;0;0;0;0
Centro-Oeste;2;4;0;0;1;1;0
Centro-Oeste;2;4;0;0;1;0;0
Centro-Oeste;2;4;0;0;0;0;0
Centro-Oeste;2;4;0;0;1;0;0
Centro-Oeste;2;4;0;0;1;0;0
Centro-Oeste;2;4;0;0;0;1;0
Centro-Oeste;2;4;0;0;1;0;0
Centro-Oeste;2;4;0;0;0;0;0
Centro-Oeste;2;4;0;0;1;0;0
Centro-Oeste;2;4;0;0;0;0;0
Centro-Oeste;2;4;0;0;1;0;0
Centro-Oeste;2;4;0;0;1;0;0
Centro-Oeste;2;4;0;0;1;0;0
Centro-Oeste;2;4;0;0;0;1;0
Centro-Oeste;2;4;0;0;1;0;0
Centro-Oeste;2;4;0;0;1;0;0
Centro-Oeste;2;4;0;0;0;0;0
Centro-Oeste;2;4;0;0;0;0;0
Centro-Oeste;2;4;0;0;15;3;0
Centro-Oeste;2;4;0;0;39;5;0
Centro-Oeste;2;4;0;0;2;0;0
Centro-Oeste;2;4;0;0;4;0;0
Centro-Oeste;2;4;0;0;6;0;0
Centro-Oeste;2;4;0;0;16;0;0
Centro-Oeste;2;4;0;0;2;0;0
Centro-Oeste;2;4;0;0;1;0;0
Centro-Oeste;2;4;0;0;2;1;0
Centro-Oeste;2;4;0;0;2;1;0
Centro-Oeste;2;5;0;0;1;0;0
Centro-Oeste;2;5;0;0;2;0;0
Centro-Oeste;2;5;0;0;99;12;0
Centro-Oeste;2;4;0;0;3;1;0
Centro-Oeste;2;4;0;0;3;0;0
Centro-Oeste;2;4;0;0;1;0;0
Centro-Oeste;2;4;0;0;1;0;0
Centro-Oeste;2;4;0;0;0;0;0
Centro-Oeste;2;4;0;0;2;0;0
Centro-Oeste;2;4;0;0;3;0;0
Centro-Oeste;2;4;0;0;3;0;0
Centro-Oeste;2;4;0;0;2;0;0
Centro-Oeste;2;4;0;0;9;2;0
Centro-Oeste;2;4;0;0;2;0;0
Centro-Oeste;2;4;0;0;5;0;0
Centro-Oeste;2;4;0;0;7;1;0
Centro-Oeste;2;4;0;0;2;1;0
Centro-Oeste;2;4;0;0;9;0;0
Centro-Oeste;2;4;0;0;0;0;0
Centro-Oeste;2;4;0;0;2;0;0
Centro-Oeste;2;4;0;0;44;0;0
Centro-Oeste;2;4;0;0;0;0;0
Centro-Oeste;2;4;0;0;0;0;0
Centro-Oeste;2;4;0;0;17;0;0
Centro-Oeste;2;5;0;0;0;0;0
Centro-Oeste;2;5;0;0;1;0;0
Centro-Oeste;2;5;0;0;4;2;0
Centro-Oeste;2;4;0;0;2;0;0
Centro-Oeste;2;4;0;0;40;0;0
Centro-Oeste;2;4;0;0;0;0;0
Centro-Oeste;2;4;0;0;0;0;0
Centro-Oeste;2;4;0;0;0;0;0
Centro-Oeste;2;4;0;0;1;0;0
Centro-Oeste;2;4;0;0;0;0;0
Centro-Oeste;2;4;0;0;0;0;0
Centro-Oeste;2;4;0;0;0;1;0
Centro-Oeste;2;4;0;0;1;0;0
Centro-Oeste;2;4;0;0;1;0;0
Centro-Oeste;2;4;0;0;0;0;0
Centro-Oeste;2;4;0;0;0;1;0
Centro-Oeste;2;4;0;0;1;0;0
Centro-Oeste;2;4;0;0;0;0;0
Centro-Oeste;2;4;0;0;1;0;0
Centro-Oeste;2;4;0;0;1;0;0
Centro-Oeste;2;4;0;0;0;0;0
Centro-Oeste;2;4;0;0;1;0;0
Centro-Oeste;2;4;0;0;0;0;0
Centro-Oeste;2;4;0;0;1;0;0
Centro-Oeste;2;4;0;0;0;0;0
Centro-Oeste;2;4;0;0;1;0;0
Centro-Oeste;2;4;0;0;1;0;0
Centro-Oeste;2;4;0;0;1;0;0
Centro-Oeste;2;4;0;0;0;0;0
Centro-Oeste;2;4;0;0;0;0;0
Centro-Oeste;2;4;0;0;2;0;0
Centro-Oeste;2;4;0;0;1;0;0
Centro-Oeste;2;4;0;0;1;0;0
Centro-Oeste;2;4;0;0;0;0;0
Centro-Oeste;2;4;0;0;0;0;0
Centro-Oeste;2;4;0;0;1;0;0
Centro-Oeste;2;4;0;0;1;0;0
Centro-Oeste;2;4;0;0;0;0;0
Centro-Oeste;2;4;0;0;1;0;0
Centro-Oeste;2;4;0;0;2;0;0
Centro-Oeste;2;4;0;0;2;0;0
Centro-Oeste;2;4;0;0;0;0;0
Centro-Oeste;2;4;0;0;1;0;0
Centro-Oeste;2;4;0;0;0;0;0
Centro-Oeste;2;4;0;0;1;0;0
Centro-Oeste;2;4;0;0;0;0;0
Centro-Oeste;2;4;0;0;0;1;0
Centro-Oeste;2;4;0;0;0;0;0
Centro-Oeste;2;4;0;0;1;0;0
Centro-Oeste;2;4;0;0;1;0;0
Centro-Oeste;2;4;0;0;0;0;0
Centro-Oeste;2;4;0;0;0;0;0
Centro-Oeste;2;4;0;0;0;0;0
Centro-Oeste;2;4;0;0;1;0;0
Centro-Oeste;2;4;0;0;0;0;0
Centro-Oeste;2;4;0;0;0;1;0
Centro-Oeste;2;4;0;0;1;0;0
Centro-Oeste;2;4;0;0;2;0;0
Centro-Oeste;2;4;0;0;2;0;0
Centro-Oeste;2;5;0;0;2;0;0
Centro-Oeste;2;4;0;0;0;0;0
Centro-Oeste;2;4;0;0;1;0;0
Centro-Oeste;2;4;0;0;3;0;0
Centro-Oeste;2;4;0;0;1;0;0
Centro-Oeste;2;4;0;0;1;0;0
Centro-Oeste;2;4;0;0;1;0;0
Centro-Oeste;2;4;0;0;0;0;0
Centro-Oeste;2;4;0;0;1;0;0
Centro-Oeste;2;4;0;0;0;0;0
Centro-Oeste;2;4;0;0;1;0;0
Centro-Oeste;2;4;0;0;1;0;0
Centro-Oeste;2;4;0;0;0;0;0
Centro-Oeste;2;4;0;0;1;0;0
Centro-Oeste;2;4;0;0;1;0;0
Centro-Oeste;2;4;0;0;2;0;0
Centro-Oeste;2;4;0;0;1;0;0
Centro-Oeste;2;4;0;0;1;0;0
Centro-Oeste;2;4;0;0;2;0;0
Centro-Oeste;2;4;0;0;1;0;0
Centro-Oeste;2;4;0;0;1;0;0
Centro-Oeste;2;4;0;0;0;0;0
Centro-Oeste;2;4;0;0;0;0;0
Centro-Oeste;2;4;0;0;1;0;0
Centro-Oeste;2;4;0;0;1;0;0
Centro-Oeste;2;4;0;0;1;0;0
Centro-Oeste;2;4;0;0;0;0;0
Centro-Oeste;2;4;0;0;0;0;0
Centro-Oeste;2;4;0;0;2;0;0
Centro-Oeste;2;4;0;0;0;0;0
Centro-Oeste;2;4;0;0;0;0;0
Centro-Oeste;2;4;0;0;5;1;0
Centro-Oeste;2;4;0;0;1;0;0
Centro-Oeste;2;4;0;0;2;0;0
Centro-Oeste;2;4;0;0;9;0;0
Centro-Oeste;2;4;0;0;2;0;0
Centro-Oeste;2;4;0;0;2;0;0
Centro-Oeste;2;4;0;0;1;0;0
Centro-Oeste;2;4;0;0;1;0;0
Centro-Oeste;2;4;0;0;0;0;0
Centro-Oeste;2;4;0;0;1;0;0
Centro-Oeste;2;4;0;0;1;0;0
Centro-Oeste;2;4;0;0;1;0;0
Centro-Oeste;2;4;0;0;1;0;0
Centro-Oeste;2;4;0;0;1;0;0
Centro-Oeste;2;4;0;0;4;0;0
Centro-Oeste;2;4;0;0;2;0;0
Centro-Oeste;2;4;0;0;1;0;0
Centro-Oeste;2;4;0;0;0;0;0
Centro-Oeste;2;4;0;0;0;0;0
Centro-Oeste;2;4;0;0;1;0;0
Centro-Oeste;2;4;0;0;0;0;0
Centro-Oeste;2;4;0;0;1;0;0
Centro-Oeste;2;4;0;0;0;0;0
Centro-Oeste;2;4;0;0;1;0;0
Centro-Oeste;2;4;0;0;2;0;0
Centro-Oeste;2;4;0;0;3;0;0
Centro-Oeste;2;4;0;0;1;0;0
Centro-Oeste;2;4;0;0;1;0;0
Centro-Oeste;2;4;0;0;0;1;0
Centro-Oeste;2;4;0;0;0;0;0
Centro-Oeste;2;4;0;0;0;0;0
Centro-Oeste;2;4;0;0;0;0;0
Centro-Oeste;2;4;0;0;0;0;0
Centro-Oeste;2;4;0;0;2;0;0
Centro-Oeste;2;4;0;0;0;1;0
Centro-Oeste;2;4;0;0;0;0;0
Centro-Oeste;2;4;0;0;1;0;0
Centro-Oeste;2;4;0;0;0;0;0
Centro-Oeste;2;4;0;0;0;1;0
Centro-Oeste;2;4;0;0;2;0;0
Centro-Oeste;2;4;0;0;0;0;0
Centro-Oeste;2;4;0;0;1;0;0
Centro-Oeste;2;4;0;0;1;0;0
Centro-Oeste;2;5;0;0;0;0;0
Centro-Oeste;2;4;0;0;0;0;0
Centro-Oeste;2;4;0;0;0;0;0
Centro-Oeste;2;4;0;0;0;0;0
Centro-Oeste;2;4;0;0;4;1;0
Centro-Oeste;2;4;0;0;2;0;0
Centro-Oeste;2;4;0;0;4;0;0
Centro-Oeste;2;4;0;0;11;0;0
Centro-Oeste;2;4;0;0;1;0;0
Centro-Oeste;2;4;0;0;0;1;0
Centro-Oeste;2;4;0;0;1;0;0
Centro-Oeste;2;4;0;0;1;0;0
Centro-Oeste;2;4;0;0;0;0;0
Centro-Oeste;2;4;0;0;5;0;0
Centro-Oeste;2;4;0;0;1;0;0
Centro-Oeste;2;4;0;0;0;0;0
Centro-Oeste;2;5;0;0;0;0;0
Centro-Oeste;2;5;0;0;0;0;0
Centro-Oeste;2;4;0;0;0;0;0
Centro-Oeste;2;4;0;0;0;0;0
Centro-Oeste;2;4;0;0;1;0;0
Centro-Oeste;2;4;0;0;4;0;0
Centro-Oeste;2;4;0;0;1;0;0
Centro-Oeste;2;4;0;0;1;0;0
Centro-Oeste;2;4;0;0;8;0;0
Centro-Oeste;2;4;0;0;1;0;0
Centro-Oeste;2;4;0;0;4;0;0
Centro-Oeste;2;4;0;0;1;0;0
Centro-Oeste;2;4;0;0;1;0;0
Centro-Oeste;2;4;0;0;14;0;0
Centro-Oeste;2;4;0;0;2;0;0
Centro-Oeste;2;4;0;0;0;1;0
Centro-Oeste;2;4;0;0;0;0;0
Centro-Oeste;2;4;0;0;8;0;0
Centro-Oeste;2;5;0;0;1;0;0
Centro-Oeste;2;5;0;0;1;0;0
Centro-Oeste;2;5;0;0;0;0;0
Centro-Oeste;2;4;0;0;2;0;0
Centro-Oeste;2;4;0;0;0;0;0
Centro-Oeste;2;4;0;0;0;0;0
Centro-Oeste;2;4;0;0;1;0;0
Centro-Oeste;2;4;0;0;1;0;0
Centro-Oeste;2;4;0;0;2;0;0
Centro-Oeste;2;4;0;0;1;0;0
Centro-Oeste;2;4;0;0;1;0;0
Centro-Oeste;2;4;0;0;1;0;0
Centro-Oeste;2;4;0;0;0;0;0
Centro-Oeste;2;4;0;0;1;0;0
Centro-Oeste;2;4;0;0;1;0;0
Centro-Oeste;2;5;0;0;0;0;0
Centro-Oeste;2;4;0;0;0;0;0
Centro-Oeste;2;4;0;0;1;0;0
Centro-Oeste;2;4;0;0;0;0;0
Centro-Oeste;2;4;0;0;0;0;0
Centro-Oeste;2;4;0;0;1;0;0
Centro-Oeste;2;4;0;0;0;0;0
Centro-Oeste;2;4;0;0;2;0;0
Centro-Oeste;2;4;0;0;1;0;0
Centro-Oeste;2;4;0;0;0;0;0
Centro-Oeste;2;4;0;0;1;0;0
Centro-Oeste;2;4;0;0;0;0;0
Centro-Oeste;2;4;0;0;2;0;0
Centro-Oeste;2;4;0;0;0;0;0
Centro-Oeste;2;4;0;0;2;0;0
Centro-Oeste;2;4;0;0;1;0;0
Centro-Oeste;2;4;0;0;0;0;0
Centro-Oeste;2;4;0;0;0;0;0
Centro-Oeste;2;4;0;0;0;0;0
Centro-Oeste;2;4;0;0;1;0;0
Centro-Oeste;2;4;0;0;2;0;0
Centro-Oeste;2;4;0;0;1;0;0
Centro-Oeste;2;4;0;0;2;0;0
Centro-Oeste;2;4;0;0;1;0;0
Centro-Oeste;2;4;0;0;1;0;0
Centro-Oeste;2;4;0;0;1;0;0
Centro-Oeste;2;4;0;0;0;0;0
Centro-Oeste;2;4;0;0;0;0;0
Centro-Oeste;2;4;0;0;1;1;0
Centro-Oeste;2;4;0;0;0;0;0
Centro-Oeste;2;4;0;0;0;0;0
Centro-Oeste;2;4;0;0;0;0;0
Centro-Oeste;2;4;0;0;0;0;0
Centro-Oeste;2;4;0;0;0;0;0
Centro-Oeste;2;4;0;0;2;0;0
Centro-Oeste;2;4;0;0;1;0;0
Centro-Oeste;2;4;0;0;1;0;0
Centro-Oeste;2;5;0;0;1;0;0
Centro-Oeste;2;4;0;0;1;0;0
Centro-Oeste;2;4;0;0;1;0;0
Centro-Oeste;2;4;0;0;1;0;0
Centro-Oeste;2;4;0;0;2;0;0
Centro-Oeste;2;4;0;0;4;0;0
Centro-Oeste;2;4;0;0;0;1;0
Centro-Oeste;2;4;0;0;1;0;0
Centro-Oeste;2;4;0;0;3;0;0
Centro-Oeste;2;5;0;0;2;0;0
Centro-Oeste;2;4;0;0;2;0;0
Centro-Oeste;2;4;0;0;2;0;0
Centro-Oeste;2;4;0;0;1;0;0
Centro-Oeste;2;4;0;0;1;0;0
Centro-Oeste;2;4;0;0;1;0;0
Centro-Oeste;2;5;0;0;0;0;0
Centro-Oeste;2;4;0;0;1;0;0
Centro-Oeste;2;4;0;0;1;0;0
Centro-Oeste;2;4;0;0;1;0;0
Centro-Oeste;2;4;0;0;0;0;0
Centro-Oeste;2;4;0;0;0;0;0
Centro-Oeste;2;4;0;0;0;0;0
Centro-Oeste;2;4;0;0;1;0;0
Centro-Oeste;2;4;0;0;1;0;0
Centro-Oeste;2;4;0;0;1;0;0
Centro-Oeste;2;4;0;0;2;0;0
Centro-Oeste;2;4;0;0;0;0;0
Centro-Oeste;2;4;0;0;0;0;0
Centro-Oeste;2;4;0;0;2;0;0
Centro-Oeste;2;4;0;0;0;0;0
Centro-Oeste;2;4;0;0;1;0;0
Centro-Oeste;2;4;0;0;0;0;0
Centro-Oeste;2;4;0;0;1;0;0
Centro-Oeste;2;4;0;0;1;0;0
Centro-Oeste;2;4;0;0;0;0;0
Centro-Oeste;2;4;0;0;1;0;0
Centro-Oeste;2;4;0;0;2;0;0
Centro-Oeste;2;4;0;0;0;0;0
Centro-Oeste;2;5;0;0;1;1;0
Centro-Oeste;2;5;0;0;0;0;0
Centro-Oeste;2;4;0;0;2;0;0
Centro-Oeste;2;4;0;0;1;0;0
Centro-Oeste;2;4;0;0;0;0;0
Centro-Oeste;2;4;0;0;1;0;0
Centro-Oeste;2;4;0;0;1;0;0
Centro-Oeste;2;4;0;0;3;0;0
Centro-Oeste;2;4;0;0;0;0;0
Centro-Oeste;2;4;0;0;0;0;0
Centro-Oeste;2;4;0;0;0;0;0
Centro-Oeste;2;4;0;0;1;0;0
Centro-Oeste;2;4;0;0;0;0;0
Centro-Oeste;2;4;0;0;1;0;0
Centro-Oeste;2;4;0;0;1;0;0
Centro-Oeste;2;4;0;0;0;1;0
Centro-Oeste;2;4;0;0;1;0;0
Centro-Oeste;2;1;0;0;548;0;0
Centro-Oeste;2;4;0;0;3;1;0
Centro-Oeste;2;4;0;0;8;0;0
Centro-Oeste;2;4;0;0;0;0;0
Centro-Oeste;2;4;0;0;7;0;0
Centro-Oeste;2;4;0;0;4;0;0
Centro-Oeste;2;4;0;0;2;0;0
Centro-Oeste;2;4;0;0;1;0;0
Centro-Oeste;2;4;0;0;0;1;0
Centro-Oeste;2;4;0;0;0;0;0
Centro-Oeste;2;4;0;0;4;1;0
Centro-Oeste;2;4;0;0;1;1;0
Centro-Oeste;2;4;0;0;4;0;0
Centro-Oeste;2;5;0;0;6;11;0
Centro-Oeste;2;4;0;0;1;0;0
Centro-Oeste;2;4;0;0;5;0;0
Centro-Oeste;2;4;0;0;0;0;0
Centro-Oeste;2;4;0;0;2;0;0
Centro-Oeste;2;4;0;0;1;0;0
Centro-Oeste;2;4;0;0;1;0;0
Centro-Oeste;2;4;0;0;0;2;0
Centro-Oeste;2;4;0;0;5;0;0
Centro-Oeste;2;4;0;0;1;0;0
Centro-Oeste;2;4;0;0;2;0;0
Centro-Oeste;2;4;0;0;2;0;0
Centro-Oeste;2;4;0;0;5;0;0
Centro-Oeste;2;4;0;0;3;0;0
Centro-Oeste;2;4;0;0;4;0;0
Centro-Oeste;2;4;0;0;13;0;0
Centro-Oeste;2;4;0;0;0;0;0
Centro-Oeste;2;4;0;0;4;0;0
Centro-Oeste;2;4;0;0;1;0;0
Centro-Oeste;2;4;0;0;7;0;0
Centro-Oeste;2;5;0;0;2;0;0
Centro-Oeste;2;4;0;0;0;1;0
Centro-Oeste;2;4;0;0;0;0;0
Centro-Oeste;2;4;0;0;1;0;0
Centro-Oeste;2;4;0;0;0;0;0
Centro-Oeste;2;4;0;0;2;0;0
Centro-Oeste;2;4;0;0;2;0;0
Centro-Oeste;2;4;0;0;1;0;0
Centro-Oeste;2;4;0;0;0;0;0
Centro-Oeste;2;4;0;0;1;0;0
Centro-Oeste;2;4;0;0;1;1;0
Centro-Oeste;2;4;0;0;0;1;0
Centro-Oeste;2;4;0;0;0;0;0
Centro-Oeste;2;4;0;0;1;0;0
Centro-Oeste;2;4;0;0;2;1;0
Centro-Oeste;2;4;0;0;0;0;0
Centro-Oeste;2;4;0;0;0;0;0
Centro-Oeste;2;4;0;0;0;0;0
Centro-Oeste;2;4;0;0;2;0;0
Centro-Oeste;2;4;0;0;1;0;0
Centro-Oeste;2;4;0;0;2;0;0
Centro-Oeste;2;4;0;0;1;0;0
Centro-Oeste;2;4;0;0;0;0;0
Centro-Oeste;2;4;0;0;0;0;0
Centro-Oeste;2;4;0;0;2;0;0
Centro-Oeste;2;4;0;0;11;0;0
Centro-Oeste;2;4;0;0;2;0;0
Centro-Oeste;2;4;0;0;1;0;0
Centro-Oeste;2;4;0;0;0;0;0
Centro-Oeste;2;4;0;0;1;0;0
Centro-Oeste;2;4;0;0;1;0;0
Centro-Oeste;2;4;0;0;0;0;0
Centro-Oeste;2;4;0;0;0;0;0
Centro-Oeste;2;4;0;0;0;1;0
Centro-Oeste;2;4;0;0;1;0;0
Centro-Oeste;2;4;0;0;1;0;0
Centro-Oeste;2;4;0;0;0;0;0
Centro-Oeste;2;4;0;0;0;1;0
Centro-Oeste;2;4;0;0;0;1;0
Centro-Oeste;2;4;0;0;0;0;0
Centro-Oeste;2;4;0;0;1;0;0
Centro-Oeste;2;4;0;0;2;0;0
Centro-Oeste;2;4;0;0;0;0;0
Centro-Oeste;2;4;0;0;1;0;0
Centro-Oeste;2;4;0;0;1;0;0
Centro-Oeste;2;4;0;0;0;0;0
Centro-Oeste;2;4;0;0;1;0;0
Centro-Oeste;2;4;0;0;3;0;0
Centro-Oeste;2;4;0;0;0;0;0
Nordeste;2;4;0;0;1;1;0
Nordeste;2;4;0;0;1;0;0
Nordeste;2;4;0;0;2;0;0
Nordeste;2;4;0;0;1;0;0
Nordeste;2;4;0;0;0;0;0
Nordeste;2;4;0;0;0;0;0
Nordeste;2;4;0;0;1;0;0
Nordeste;2;4;0;0;0;0;0
Nordeste;2;4;0;0;1;0;0
Nordeste;2;4;0;0;1;0;0
Nordeste;2;4;0;0;2;0;0
Nordeste;2;4;0;0;1;0;0
Nordeste;2;4;0;0;1;0;0
Nordeste;2;4;0;0;0;0;0
Nordeste;2;4;0;0;0;0;0
Nordeste;2;4;0;0;0;0;0
Nordeste;2;4;0;0;6;0;0
Nordeste;2;4;0;0;21;1;0
Nordeste;2;4;0;0;1;0;0
Nordeste;2;4;0;0;3;0;0
Nordeste;2;4;0;0;2;0;0
Nordeste;2;4;0;0;9;0;0
Nordeste;2;4;0;0;3;0;0
Nordeste;2;4;0;0;0;0;0
Nordeste;2;4;0;0;0;0;0
Nordeste;2;4;0;0;1;0;0
Nordeste;2;4;0;0;4;0;0
Nordeste;2;4;0;0;1;0;0
Nordeste;2;4;0;0;6;0;0
Nordeste;2;4;0;0;0;0;0
Nordeste;2;4;0;0;1;0;0
Nordeste;2;4;0;0;2;0;0
Nordeste;2;4;0;0;2;1;0
Nordeste;2;4;0;0;1;0;0
Nordeste;2;4;0;0;10;0;0
Nordeste;2;4;0;0;4;1;0
Nordeste;2;4;0;0;0;0;0
Nordeste;2;4;0;0;0;0;0
Nordeste;2;4;0;0;5;0;0
Nordeste;2;5;0;0;2;0;0
Nordeste;2;4;0;0;1;0;0
Nordeste;2;4;0;0;1;0;0
Nordeste;2;4;0;0;1;0;0
Nordeste;2;4;0;0;0;0;0
Nordeste;2;4;0;0;1;0;0
Nordeste;2;4;0;0;1;0;0
Nordeste;2;4;0;0;0;0;0
Nordeste;2;4;0;0;1;0;0
Nordeste;2;4;0;0;0;0;0
Nordeste;2;4;0;0;0;0;0
Nordeste;2;4;0;0;1;0;0
Nordeste;2;4;0;0;0;0;0
Nordeste;2;4;0;0;1;0;0
Nordeste;2;4;0;0;0;1;0
Nordeste;2;4;0;0;0;0;0
Nordeste;2;4;0;0;0;0;0
Nordeste;2;4;0;0;0;0;0
Nordeste;2;4;0;0;1;0;0
Nordeste;2;4;0;0;0;0;0
Nordeste;2;4;0;0;1;0;0
Nordeste;2;4;0;0;1;0;0
Nordeste;2;4;0;0;1;0;0
Nordeste;2;4;0;0;3;0;0
Nordeste;2;4;0;0;1;0;0
Nordeste;2;4;0;0;1;0;0
Nordeste;2;4;0;0;1;0;0
Nordeste;2;4;0;0;1;0;0
Nordeste;2;5;0;0;1;0;0
Nordeste;2;4;0;0;1;0;0
Nordeste;2;4;0;0;0;0;0
Nordeste;2;4;0;0;0;0;0
Nordeste;2;4;0;0;1;0;0
Nordeste;2;4;0;0;2;0;0
Nordeste;2;4;0;0;3;0;0
Nordeste;2;4;0;0;0;0;0
Nordeste;2;4;0;0;0;0;0
Nordeste;2;4;0;0;1;0;0
Nordeste;2;4;0;0;0;0;0
Nordeste;2;4;0;0;2;0;0
Nordeste;2;4;0;0;1;0;0
Nordeste;2;4;0;0;1;0;0
Nordeste;2;4;0;0;0;0;0
Nordeste;2;4;0;0;1;0;0
Nordeste;2;4;0;0;2;0;0
Nordeste;2;4;0;0;3;1;0
Nordeste;2;4;0;0;0;0;0
Nordeste;2;4;0;0;0;2;0
Nordeste;2;4;0;0;2;0;0
Nordeste;2;4;0;0;0;0;0
Nordeste;2;4;0;0;2;0;0
Nordeste;2;4;0;0;6;1;0
Nordeste;2;4;0;0;0;1;0
Nordeste;2;4;0;0;2;0;0
Nordeste;2;4;0;0;2;0;0
Nordeste;2;4;0;0;1;0;0
Nordeste;2;4;0;0;0;0;0
Nordeste;2;4;0;0;0;0;0
Nordeste;2;4;0;0;0;0;0
Nordeste;2;4;0;0;0;0;0
Nordeste;2;4;0;0;0;0;0
Nordeste;2;4;0;0;1;0;0
Nordeste;2;4;0;0;0;0;0
Nordeste;2;4;0;0;0;0;0
Nordeste;2;4;0;0;1;0;0
Nordeste;2;4;0;0;1;0;0
Nordeste;2;4;0;0;0;0;0
Nordeste;2;4;0;0;0;0;0
Nordeste;2;4;0;0;1;0;0
Nordeste;2;4;0;0;0;1;0
Nordeste;2;4;0;0;0;0;0
Nordeste;2;4;0;0;1;0;0
Nordeste;2;4;0;0;2;0;0
Nordeste;2;4;0;0;3;0;0
Nordeste;2;4;0;0;2;0;0
Nordeste;2;4;0;0;1;0;0
Nordeste;2;4;0;0;0;1;0
Nordeste;2;4;0;0;0;0;0
Nordeste;2;4;0;0;0;0;0
Nordeste;2;4;0;0;2;1;0
Nordeste;2;4;0;0;0;1;0
Nordeste;2;4;0;0;1;0;0
Nordeste;2;4;0;0;1;0;0
Nordeste;2;4;0;0;1;0;0
Nordeste;2;4;0;0;3;0;0
Nordeste;2;4;0;0;1;0;0
Nordeste;2;4;0;0;7;1;0
Nordeste;2;4;0;0;1;0;0
Nordeste;2;4;0;0;0;0;0
Nordeste;2;4;0;0;1;1;0
Nordeste;2;4;0;0;0;0;0
Nordeste;2;4;0;0;1;0;0
Nordeste;2;5;0;0;0;0;0
Nordeste;2;5;0;0;2;0;0
Nordeste;2;4;0;0;1;0;0
Nordeste;2;4;0;0;0;1;0
Nordeste;2;4;0;0;1;0;0
Nordeste;2;4;0;0;5;1;0
Nordeste;2;4;0;0;1;0;0
Nordeste;2;4;0;0;2;0;0
Nordeste;2;4;0;0;0;0;0
Nordeste;2;5;0;0;1;0;0
Nordeste;2;4;0;0;0;0;0
Nordeste;2;4;0;0;1;0;0
Nordeste;2;4;0;0;0;0;0
Nordeste;2;4;0;0;1;0;0
Nordeste;2;4;0;0;0;0;0
Nordeste;2;4;0;0;1;0;0
Nordeste;2;4;0;0;1;0;0
Nordeste;2;4;0;0;1;0;0
Nordeste;2;4;0;0;2;0;0
Nordeste;2;4;0;0;0;1;0
Nordeste;2;4;0;0;1;0;0
Nordeste;2;4;0;0;3;0;0
Nordeste;2;4;0;0;2;0;0
Nordeste;2;4;0;0;1;0;0
Nordeste;2;4;0;0;0;0;0
Nordeste;2;4;0;0;0;0;0
Nordeste;2;4;0;0;1;0;0
Nordeste;2;4;0;0;1;0;0
Nordeste;2;4;0;0;1;0;0
Nordeste;2;4;0;0;3;0;0
Nordeste;2;4;0;0;1;0;0
Nordeste;2;4;0;0;2;0;0
Nordeste;2;4;0;0;1;0;0
Nordeste;2;4;0;0;0;0;0
Nordeste;2;4;0;0;2;0;0
Nordeste;2;4;0;0;0;0;0
Nordeste;2;4;0;0;1;0;0
Nordeste;2;4;0;0;1;0;0
Nordeste;2;4;0;0;0;0;0
Nordeste;2;4;0;0;1;0;0
Nordeste;2;4;0;0;1;0;0
Nordeste;2;4;0;0;1;0;0
Nordeste;2;4;0;0;1;0;0
Nordeste;2;4;0;0;0;0;0
Nordeste;2;4;0;0;3;0;0
Nordeste;2;4;0;0;2;0;0
Nordeste;2;4;0;0;0;1;0
Nordeste;2;4;0;0;1;0;0
Nordeste;2;4;0;0;0;0;0
Nordeste;2;4;0;0;1;0;0
Nordeste;2;4;0;0;1;0;0
Nordeste;2;4;0;0;0;0;0
Nordeste;2;4;0;0;1;0;0
Nordeste;2;4;0;0;0;1;0
Nordeste;2;4;0;0;3;0;0
Nordeste;2;4;0;0;1;0;0
Nordeste;2;4;0;0;0;1;0
Nordeste;2;4;0;0;0;0;0
Nordeste;2;4;0;0;2;0;0
Nordeste;2;4;0;0;2;0;0
Nordeste;2;4;0;0;2;0;0
Nordeste;2;4;0;0;1;0;0
Nordeste;2;4;0;0;3;1;0
Nordeste;2;4;0;0;2;0;0
Nordeste;2;4;0;0;1;0;0
Nordeste;2;4;0;0;1;0;0
Nordeste;2;4;0;0;1;0;0
Nordeste;2;4;0;0;2;0;0
Nordeste;2;4;0;0;2;0;0
Nordeste;2;4;0;0;4;0;0
Nordeste;2;4;0;0;1;0;0
Nordeste;2;4;0;0;1;0;0
Nordeste;2;4;0;0;0;0;0
Nordeste;2;4;0;0;0;1;0
Nordeste;2;4;0;0;1;0;0
Nordeste;2;5;0;0;0;1;0
Nordeste;2;4;0;0;1;0;0
Nordeste;2;4;0;0;1;0;0
Nordeste;2;4;0;0;0;0;0
Nordeste;2;4;0;0;0;0;0
Nordeste;2;4;0;0;0;0;0
Nordeste;2;4;0;0;1;0;0
Nordeste;2;4;0;0;0;0;0
Nordeste;2;4;0;0;0;0;0
Nordeste;2;4;0;0;0;0;0
Nordeste;2;4;0;0;0;0;0
Nordeste;2;4;0;0;1;0;0
Nordeste;2;4;0;0;0;0;0
Nordeste;2;4;0;0;0;0;0
Nordeste;2;4;0;0;1;0;0
Nordeste;2;4;0;0;1;0;0
Nordeste;2;4;0;0;0;0;0
Nordeste;2;4;0;0;0;0;0
Nordeste;2;4;0;0;1;0;0
Nordeste;2;4;0;0;1;0;0
Nordeste;2;4;0;0;1;0;0
Nordeste;2;4;0;0;0;0;0
Nordeste;2;4;0;0;1;0;0
Nordeste;2;4;0;0;1;0;0
Nordeste;2;4;0;0;0;0;0
Nordeste;2;4;0;0;1;0;0
Nordeste;2;4;0;0;3;0;0
Nordeste;2;4;0;0;1;0;0
Nordeste;2;4;0;0;1;0;0
Nordeste;2;4;0;0;1;0;0
Nordeste;2;4;0;0;1;0;0
Nordeste;2;4;0;0;1;0;0
Nordeste;2;4;0;0;0;0;0
Nordeste;2;4;0;0;1;0;0
Nordeste;2;4;0;0;0;0;0
Nordeste;2;4;0;0;2;0;0
Nordeste;2;4;0;0;1;0;0
Nordeste;2;4;0;0;3;0;0
Nordeste;2;4;0;0;1;0;0
Nordeste;2;4;0;0;0;0;0
Nordeste;2;4;0;0;1;0;0
Nordeste;2;4;0;0;1;0;0
Nordeste;2;4;0;0;1;0;0
Nordeste;2;4;0;0;1;0;0
Nordeste;2;4;0;0;0;0;0
Nordeste;2;4;0;0;2;0;0
Nordeste;2;4;0;0;1;0;0
Nordeste;1;4;1;1;1;0;5
Nordeste;2;4;0;0;6;1;0
Nordeste;2;4;0;0;21;4;0
Nordeste;2;4;0;0;1;0;0
Nordeste;2;4;0;0;11;1;0
Nordeste;2;4;0;0;2;1;0
Nordeste;2;4;0;0;13;2;0
Nordeste;2;4;0;0;5;0;0
Nordeste;2;4;0;0;0;10;0
Nordeste;2;4;0;0;0;0;0
Nordeste;2;4;0;0;2;4;0
Nordeste;2;4;0;0;5;0;0
Nordeste;2;5;0;0;0;1;0
Nordeste;2;4;0;0;0;0;0
Nordeste;2;4;0;0;3;0;0
Nordeste;2;4;0;0;1;0;0
Nordeste;2;4;0;0;2;0;0
Nordeste;2;4;0;0;1;0;0
Nordeste;2;4;0;0;3;0;0
Nordeste;2;4;0;0;2;0;0
Nordeste;2;4;0;0;2;0;0
Nordeste;2;4;0;0;10;1;0
Nordeste;2;4;0;0;4;1;0
Nordeste;2;4;0;0;4;2;0
Nordeste;2;4;0;0;31;0;0
Nordeste;2;4;0;0;5;1;0
Nordeste;2;4;0;0;15;0;0
Nordeste;2;4;0;0;1;0;0
Nordeste;2;4;0;0;6;4;0
Nordeste;2;4;0;0;0;0;0
Nordeste;2;4;0;0;0;0;0
Nordeste;2;4;0;0;25;0;0
Nordeste;2;5;0;0;39;0;0
Nordeste;2;5;0;0;2;0;0
Nordeste;2;4;0;0;2;0;0
Nordeste;2;4;0;0;2;0;0
Nordeste;2;4;0;0;1;0;0
Nordeste;2;4;0;0;1;0;0
Nordeste;2;4;0;0;1;0;0
Nordeste;2;4;0;0;1;0;0
Nordeste;2;4;0;0;1;0;0
Nordeste;2;4;0;0;5;0;0
Nordeste;2;4;0;0;1;0;0
Nordeste;2;4;0;0;1;0;0
Nordeste;2;4;0;0;1;0;0
Nordeste;2;4;0;0;0;0;0
Nordeste;2;4;0;0;1;0;0
Nordeste;2;4;0;0;0;2;0
Nordeste;2;4;0;0;2;0;0
Nordeste;2;4;0;0;1;0;0
Nordeste;2;4;0;0;1;0;0
Nordeste;2;4;0;0;1;0;0
Nordeste;2;4;0;0;0;0;0
Nordeste;2;4;0;0;1;0;0
Nordeste;2;4;0;0;1;0;0
Nordeste;2;4;0;0;0;0;0
Nordeste;2;4;0;0;1;0;0
Nordeste;2;4;0;0;1;0;0
Nordeste;2;4;0;0;1;0;0
Nordeste;2;4;0;0;1;0;0
Nordeste;2;4;0;0;1;0;0
Nordeste;2;4;0;0;0;0;0
Nordeste;2;4;0;0;1;0;0
Nordeste;2;4;0;0;1;0;0
Nordeste;2;4;0;0;0;0;0
Nordeste;2;4;0;0;1;0;0
Nordeste;2;4;0;0;1;1;0
Nordeste;2;4;0;0;1;0;0
Nordeste;2;4;0;0;1;0;0
Nordeste;2;4;0;0;1;0;0
Nordeste;2;4;0;0;0;0;0
Nordeste;2;4;0;0;1;0;0
Nordeste;2;4;0;0;2;0;0
Nordeste;2;4;0;0;0;0;0
Nordeste;2;4;0;0;1;0;0
Nordeste;2;4;0;0;1;0;0
Nordeste;2;4;0;0;1;0;0
Nordeste;2;4;0;0;0;0;0
Nordeste;2;4;0;0;0;0;0
Nordeste;2;4;0;0;0;0;0
Nordeste;2;4;0;0;0;0;0
Nordeste;2;4;0;0;0;0;0
Nordeste;2;4;0;0;0;0;0
Nordeste;2;4;0;0;2;0;0
Nordeste;2;4;0;0;0;1;0
Nordeste;2;4;0;0;0;2;0
Nordeste;2;4;0;0;0;0;0
Nordeste;2;4;0;0;1;0;0
Nordeste;2;4;0;0;2;0;0
Nordeste;2;4;0;0;1;0;0
Nordeste;2;4;0;0;3;0;0
Nordeste;2;4;0;0;3;0;0
Nordeste;2;4;0;0;2;0;0
Nordeste;2;4;0;0;1;0;0
Nordeste;2;5;0;0;0;0;0
Nordeste;2;4;0;0;0;0;0
Nordeste;2;4;0;0;0;0;0
Nordeste;2;4;0;0;0;0;0
Nordeste;2;4;0;0;2;0;0
Nordeste;2;4;0;0;0;0;0
Nordeste;2;4;0;0;1;0;0
Nordeste;2;4;0;0;1;0;0
Nordeste;2;4;0;0;1;0;0
Nordeste;2;4;0;0;1;0;0
Nordeste;2;4;0;0;2;0;0
Nordeste;2;4;0;0;0;0;0
Nordeste;2;4;0;0;0;0;0
Nordeste;2;4;0;0;0;0;0
Nordeste;2;4;0;0;0;0;0
Nordeste;2;4;0;0;1;0;0
Nordeste;2;4;0;0;0;0;0
Nordeste;2;4;0;0;0;0;0
Nordeste;2;4;0;0;0;0;0
Nordeste;2;4;0;0;3;0;0
Nordeste;2;4;0;0;1;0;0
Nordeste;2;4;0;0;1;0;0
Nordeste;2;4;0;0;0;1;0
Nordeste;2;4;0;0;1;0;0
Nordeste;2;4;0;0;1;0;0
Nordeste;2;4;0;0;1;0;0
Nordeste;2;4;0;0;0;0;0
Nordeste;2;4;0;0;1;0;0
Nordeste;2;4;0;0;1;0;0
Nordeste;2;4;0;0;1;0;0
Nordeste;2;4;0;0;1;0;0
Nordeste;2;4;0;0;0;1;0
Nordeste;2;4;0;0;3;0;0
Nordeste;2;4;0;0;1;0;0
Nordeste;2;4;0;0;1;0;0
Nordeste;2;4;0;0;0;0;0
Nordeste;2;4;0;0;0;0;0
Nordeste;2;4;0;0;0;0;0
Nordeste;2;4;0;0;1;0;0
Nordeste;2;4;0;0;1;0;0
Nordeste;2;4;0;0;1;0;0
Nordeste;2;4;0;0;1;0;0
Nordeste;2;4;0;0;3;2;0
Nordeste;2;4;0;0;1;0;0
Nordeste;2;4;0;0;2;0;0
Nordeste;2;4;0;0;1;0;0
Nordeste;2;4;0;0;1;0;0
Nordeste;1;1;43;40;40;6;139
Nordeste;2;4;0;0;10;5;0
Nordeste;2;4;0;0;35;8;0
Nordeste;2;4;0;0;4;0;0
Nordeste;2;4;0;0;17;1;0
Nordeste;2;4;0;0;7;0;0
Nordeste;2;4;0;0;11;2;0
Nordeste;2;4;0;0;3;2;0
Nordeste;2;4;0;0;0;0;0
Nordeste;2;4;0;0;1;0;0
Nordeste;2;4;0;0;1;0;0
Nordeste;2;4;0;0;1;0;0
Nordeste;2;4;0;0;0;0;0
Nordeste;2;4;0;0;1;0;0
Nordeste;2;4;0;0;7;0;0
Nordeste;2;5;0;0;4;0;0
Nordeste;2;5;0;0;0;0;0
Nordeste;2;4;0;0;2;0;0
Nordeste;2;4;0;0;5;0;0
Nordeste;2;4;0;0;2;0;0
Nordeste;2;4;0;0;9;0;0
Nordeste;2;4;0;0;0;0;0
Nordeste;2;4;0;0;1;0;0
Nordeste;2;4;0;0;0;0;0
Nordeste;2;4;0;0;1;0;0
Nordeste;2;4;0;0;1;0;0
Nordeste;2;4;0;0;16;3;0
Nordeste;2;4;0;0;1;1;0
Nordeste;2;4;0;0;3;2;0
Nordeste;2;4;0;0;3;0;0
Nordeste;2;4;0;0;7;3;0
Nordeste;2;4;0;0;4;0;0
Nordeste;2;4;0;0;5;0;0
Nordeste;2;4;0;0;11;0;0
Nordeste;2;4;0;0;7;2;0
Nordeste;2;4;0;0;41;5;0
Nordeste;2;4;0;0;1;0;0
Nordeste;2;4;0;0;32;0;0
Nordeste;2;4;0;0;11;0;0
Nordeste;2;4;0;0;42;0;0
Nordeste;2;4;0;0;1;0;0
Nordeste;2;4;0;0;5;1;0
Nordeste;2;4;0;0;0;0;0
Nordeste;2;4;0;0;2;0;0
Nordeste;2;4;0;0;0;0;0
Nordeste;2;4;0;0;15;2;0
Nordeste;2;4;0;0;0;0;0
Nordeste;2;4;0;0;0;1;0
Nordeste;2;4;0;0;37;0;0
Nordeste;2;5;0;0;1;0;0
Nordeste;2;4;0;0;0;1;0
Nordeste;2;4;0;0;1;0;0
Nordeste;2;4;0;0;0;0;0
Nordeste;2;4;0;0;1;0;0
Nordeste;2;4;0;0;1;0;0
Nordeste;2;4;0;0;1;0;0
Nordeste;2;4;0;0;1;0;0
Nordeste;2;4;0;0;0;0;0
Nordeste;2;4;0;0;0;0;0
Nordeste;2;4;0;0;0;0;0
Nordeste;2;4;0;0;0;0;0
Nordeste;2;4;0;0;1;0;0
Nordeste;2;4;0;0;0;0;0
Nordeste;2;4;0;0;1;0;0
Nordeste;2;4;0;0;2;0;0
Nordeste;2;4;0;0;1;0;0
Nordeste;1;1;40;30;24;0;177
Nordeste;2;4;0;0;1;0;0
Nordeste;2;4;0;0;1;0;0
Nordeste;2;4;0;0;1;0;0
Nordeste;2;4;0;0;1;0;0
Nordeste;2;4;0;0;1;0;0
Nordeste;2;4;0;0;1;0;0
Nordeste;2;4;0;0;1;0;0
Nordeste;2;4;0;0;1;0;0
Nordeste;2;4;0;0;1;0;0
Nordeste;2;4;0;0;0;0;0
Nordeste;2;4;0;0;1;0;0
Nordeste;2;4;0;0;0;0;0
Nordeste;2;4;0;0;4;0;0
Nordeste;2;4;0;0;1;0;0
Nordeste;2;4;0;0;1;0;0
Nordeste;2;4;0;0;2;0;0
Nordeste;2;4;0;0;0;0;0
Nordeste;2;4;0;0;0;0;0
Nordeste;2;4;0;0;1;0;0
Nordeste;2;4;0;0;1;0;0
Nordeste;2;4;0;0;1;0;0
Nordeste;2;4;0;0;0;0;0
Nordeste;2;4;0;0;1;0;0
Nordeste;2;5;0;0;0;1;0
Nordeste;2;4;0;0;1;0;0
Nordeste;2;4;0;0;0;0;0
Nordeste;2;4;0;0;1;0;0
Nordeste;2;4;0;0;1;0;0
Nordeste;2;4;0;0;1;0;0
Nordeste;2;4;0;0;2;2;0
Nordeste;2;4;0;0;4;1;0
Nordeste;2;4;0;0;2;0;0
Nordeste;2;4;0;0;3;0;0
Nordeste;2;4;0;0;0;0;0
Nordeste;2;4;0;0;1;0;0
Nordeste;2;4;0;0;1;0;0
Nordeste;2;4;0;0;2;1;0
Nordeste;2;4;0;0;0;0;0
Nordeste;2;4;0;0;1;0;0
Nordeste;2;4;0;0;0;0;0
Nordeste;2;4;0;0;0;0;0
Nordeste;2;4;0;0;1;0;0
Nordeste;2;4;0;0;1;0;0
Nordeste;2;4;0;0;1;0;0
Nordeste;2;4;0;0;1;0;0
Nordeste;2;4;0;0;0;0;0
Nordeste;2;4;0;0;0;0;0
Nordeste;2;4;0;0;2;0;0
Nordeste;2;4;0;0;1;0;0
Nordeste;2;4;0;0;1;1;0
Nordeste;2;4;0;0;0;0;0
Nordeste;2;4;0;0;1;0;0
Nordeste;2;4;0;0;1;0;0
Nordeste;2;4;0;0;1;0;0
Nordeste;2;4;0;0;0;1;0
Nordeste;2;4;0;0;1;0;0
Nordeste;2;4;0;0;1;0;0
Nordeste;2;4;0;0;0;1;0
Nordeste;2;4;0;0;0;0;0
Nordeste;2;5;0;0;0;1;0
Nordeste;2;4;0;0;0;0;0
Nordeste;2;4;0;0;0;0;0
Nordeste;2;4;0;0;1;0;0
Nordeste;2;4;0;0;1;0;0
Nordeste;2;4;0;0;1;0;0
Nordeste;2;4;0;0;0;0;0
Nordeste;2;4;0;0;0;0;0
Nordeste;2;4;0;0;1;0;0
Nordeste;2;4;0;0;3;0;0
Nordeste;2;4;0;0;5;0;0
Nordeste;2;4;0;0;3;1;0
Nordeste;2;4;0;0;1;0;0
Nordeste;2;4;0;0;1;0;0
Nordeste;2;5;0;0;1;0;0
Nordeste;2;4;0;0;2;0;0
Nordeste;2;4;0;0;1;0;0
Nordeste;2;4;0;0;1;0;0
Nordeste;2;4;0;0;1;0;0
Nordeste;2;4;0;0;0;0;0
Nordeste;2;4;0;0;0;0;0
Nordeste;2;4;0;0;1;0;0
Nordeste;2;4;0;0;1;0;0
Nordeste;2;4;0;0;1;0;0
Nordeste;2;4;0;0;2;0;0
Nordeste;2;4;0;0;1;0;0
Nordeste;2;4;0;0;1;0;0
Nordeste;2;4;0;0;0;0;0
Nordeste;2;4;0;0;1;0;0
Nordeste;2;4;0;0;0;0;0
Nordeste;2;4;0;0;1;0;0
Nordeste;2;4;0;0;0;0;0
Nordeste;2;4;0;0;2;0;0
Nordeste;2;4;0;0;1;0;0
Nordeste;2;4;0;0;0;0;0
Nordeste;2;4;0;0;0;0;0
Nordeste;2;4;0;0;1;0;0
Nordeste;2;4;0;0;1;0;0
Nordeste;2;4;0;0;0;0;0
Nordeste;2;4;0;0;1;0;0
Nordeste;2;4;0;0;1;0;0
Nordeste;2;4;0;0;2;0;0
Nordeste;2;4;0;0;1;0;0
Nordeste;2;4;0;0;0;1;0
Nordeste;2;4;0;0;0;0;0
Nordeste;2;4;0;0;0;0;0
Nordeste;2;4;0;0;0;0;0
Nordeste;2;4;0;0;1;0;0
Nordeste;2;4;0;0;2;0;0
Nordeste;2;4;0;0;1;0;0
Nordeste;2;4;0;0;1;0;0
Nordeste;2;4;0;0;0;0;0
Nordeste;2;4;0;0;2;0;0
Nordeste;2;4;0;0;1;0;0
Nordeste;2;4;0;0;1;0;0
Nordeste;2;4;0;0;0;0;0
Nordeste;2;4;0;0;0;1;0
Nordeste;2;4;0;0;2;0;0
Nordeste;2;4;0;0;0;0;0
Nordeste;2;4;0;0;0;1;0
Nordeste;2;4;0;0;0;0;0
Nordeste;2;4;0;0;0;1;0
Nordeste;2;4;0;0;0;0;0
Nordeste;2;4;0;0;2;0;0
Nordeste;2;4;0;0;2;0;0
Nordeste;2;4;0;0;1;1;0
Nordeste;2;4;0;0;0;0;0
Nordeste;2;4;0;0;4;1;0
Nordeste;2;5;0;0;2;0;0
Nordeste;2;4;0;0;1;0;0
Nordeste;2;4;0;0;0;0;0
Nordeste;2;4;0;0;1;0;0
Nordeste;2;4;0;0;3;1;0
Nordeste;2;4;0;0;0;0;0
Nordeste;2;4;0;0;4;0;0
Nordeste;2;5;0;0;0;0;0
Nordeste;2;4;0;0;1;0;0
Nordeste;2;4;0;0;1;0;0
Nordeste;2;4;0;0;1;0;0
Nordeste;2;4;0;0;1;0;0
Nordeste;2;4;0;0;0;0;0
Nordeste;2;4;0;0;0;0;0
Nordeste;2;4;0;0;0;0;0
Nordeste;2;4;0;0;1;0;0
Nordeste;2;4;0;0;0;0;0
Nordeste;2;4;0;0;1;0;0
Nordeste;2;4;0;0;1;0;0
Nordeste;2;4;0;0;0;0;0
Nordeste;2;4;0;0;1;0;0
Nordeste;2;4;0;0;0;0;0
Nordeste;2;4;0;0;0;0;0
Nordeste;2;4;0;0;0;0;0
Nordeste;2;4;0;0;1;1;0
Nordeste;2;4;0;0;3;0;0
Nordeste;2;4;0;0;0;0;0
Nordeste;2;4;0;0;3;0;0
Nordeste;2;4;0;0;0;0;0
Nordeste;2;4;0;0;13;0;0
Nordeste;2;4;0;0;3;0;0
Nordeste;2;4;0;0;1;0;0
Nordeste;2;4;0;0;3;0;0
Nordeste;2;4;0;0;2;1;0
Nordeste;2;5;0;0;2;0;0
Nordeste;2;4;0;0;1;0;0
Nordeste;2;4;0;0;1;0;0
Nordeste;2;4;0;0;1;0;0
Nordeste;2;4;0;0;2;0;0
Nordeste;2;4;0;0;1;0;0
Nordeste;2;4;0;0;1;0;0
Nordeste;2;4;0;0;1;0;0
Nordeste;2;4;0;0;0;1;0
Nordeste;2;4;0;0;1;0;0
Nordeste;2;4;0;0;4;1;0
Nordeste;2;4;0;0;3;0;0
Nordeste;2;4;0;0;7;0;0
Nordeste;2;4;0;0;4;1;0
Nordeste;2;4;0;0;11;0;0
Nordeste;2;4;0;0;19;0;0
Nordeste;2;4;0;0;3;0;0
Nordeste;2;4;0;0;2;0;0
Nordeste;2;4;0;0;1;1;0
Nordeste;2;4;0;0;0;0;0
Nordeste;2;4;0;0;7;0;0
Nordeste;2;5;0;0;1;0;0
Nordeste;2;5;0;0;2;0;0
Nordeste;2;4;0;0;1;0;0
Nordeste;2;4;0;0;1;0;0
Nordeste;2;4;0;0;1;0;0
Nordeste;2;4;0;0;1;0;0
Nordeste;2;4;0;0;0;0;0
Nordeste;2;4;0;0;1;0;0
Nordeste;2;4;0;0;1;0;0
Nordeste;2;4;0;0;1;0;0
Nordeste;2;4;0;0;4;0;0
Nordeste;2;4;0;0;0;0;0
Nordeste;2;4;0;0;1;0;0
Nordeste;2;4;0;0;3;0;0
Nordeste;2;4;0;0;0;0;0
Nordeste;2;4;0;0;0;1;0
Nordeste;2;4;0;0;0;0;0
Nordeste;2;4;0;0;0;0;0
Nordeste;2;4;0;0;1;0;0
Nordeste;2;4;0;0;1;1;0
Nordeste;2;4;0;0;0;1;0
Nordeste;2;4;0;0;3;0;0
Nordeste;2;4;0;0;0;0;0
Nordeste;2;4;0;0;1;0;0
Nordeste;2;5;0;0;1;0;0
Nordeste;2;4;0;0;1;0;0
Nordeste;2;4;0;0;9;0;0
Nordeste;2;4;0;0;2;0;0
Nordeste;2;4;0;0;3;1;0
Nordeste;2;4;0;0;5;0;0
Nordeste;2;4;0;0;2;0;0
Nordeste;2;4;0;0;10;0;0
Nordeste;2;4;0;0;9;2;0
Nordeste;2;4;0;0;0;0;0
Nordeste;2;4;0;0;0;0;0
Nordeste;2;4;0;0;1;0;0
Nordeste;2;4;0;0;0;1;0
Nordeste;2;4;0;0;0;0;0
Nordeste;2;4;0;0;1;0;0
Nordeste;2;4;0;0;0;0;0
Nordeste;2;4;0;0;1;0;0
Nordeste;2;4;0;0;0;0;0
Nordeste;2;4;0;0;1;0;0
Nordeste;1;1;65;60;58;1;361
Nordeste;1;1;31;30;28;0;151
Nordeste;1;4;209;200;27;9;89
Nordeste;2;4;0;0;6;0;0
Nordeste;2;4;0;0;9;2;0
Nordeste;2;4;0;0;2;1;0
Nordeste;2;4;0;0;16;4;0
Nordeste;2;4;0;0;3;0;0
Nordeste;2;4;0;0;7;0;0
Nordeste;2;4;0;0;0;0;0
Nordeste;2;4;0;0;3;0;0
Nordeste;2;4;0;0;1;0;0
Nordeste;2;4;0;0;4;1;0
Nordeste;2;5;0;0;1;0;0
Nordeste;2;4;0;0;3;0;0
Nordeste;2;4;0;0;5;0;0
Nordeste;2;4;0;0;24;0;0
Nordeste;2;4;0;0;1;0;0
Nordeste;2;4;0;0;2;0;0
Nordeste;2;4;0;0;2;0;0
Nordeste;2;4;0;0;2;1;0
Nordeste;2;4;0;0;5;0;0
Nordeste;2;4;0;0;0;1;0
Nordeste;2;4;0;0;1;0;0
Nordeste;2;4;0;0;2;2;0
Nordeste;2;4;0;0;1;0;0
Nordeste;2;4;0;0;1;0;0
Nordeste;2;4;0;0;14;0;0
Nordeste;2;4;0;0;1;0;0
Nordeste;2;4;0;0;4;0;0
Nordeste;2;4;0;0;1;0;0
Nordeste;2;4;0;0;2;0;0
Nordeste;2;4;0;0;19;0;0
Nordeste;2;4;0;0;26;6;0
Nordeste;2;4;0;0;0;0;0
Nordeste;2;4;0;0;10;0;0
Nordeste;2;5;0;0;0;0;0
Nordeste;2;5;0;0;1;0;0
Nordeste;2;4;0;0;2;0;0
Nordeste;2;4;0;0;0;0;0
Nordeste;2;4;0;0;1;0;0
Nordeste;2;4;0;0;1;1;0
Nordeste;2;4;0;0;4;0;0
Nordeste;2;4;0;0;1;0;0
Nordeste;2;4;0;0;1;0;0
Nordeste;2;4;0;0;2;0;0
Nordeste;2;4;0;0;0;0;0
Nordeste;2;4;0;0;1;0;0
Nordeste;2;4;0;0;1;0;0
Nordeste;2;4;0;0;0;0;0
Nordeste;2;4;0;0;0;0;0
Nordeste;2;4;0;0;1;0;0
Nordeste;2;4;0;0;1;0;0
Nordeste;2;4;0;0;2;0;0
Nordeste;2;4;0;0;1;0;0
Nordeste;2;4;0;0;1;0;0
Nordeste;2;4;0;0;0;0;0
Nordeste;2;4;0;0;2;0;0
Nordeste;2;4;0;0;0;0;0
Nordeste;2;4;0;0;1;0;0
Nordeste;2;4;0;0;0;0;0
Nordeste;2;4;0;0;3;0;0
Nordeste;2;4;0;0;1;0;0
Nordeste;2;4;0;0;1;0;0
Nordeste;2;4;0;0;2;1;0
Nordeste;2;4;0;0;1;0;0
Nordeste;2;4;0;0;1;0;0
Nordeste;2;4;0;0;0;0;0
Nordeste;2;4;0;0;1;0;0
Nordeste;2;4;0;0;1;0;0
Nordeste;2;4;0;0;0;1;0
Nordeste;2;4;0;0;1;0;0
Nordeste;2;4;0;0;1;0;0
Nordeste;2;4;0;0;1;0;0
Nordeste;2;4;0;0;1;0;0
Nordeste;2;4;0;0;0;0;0
Nordeste;2;4;0;0;0;0;0
Nordeste;2;4;0;0;0;0;0
Nordeste;2;4;0;0;0;1;0
Nordeste;2;4;0;0;1;0;0
Nordeste;2;4;0;0;1;0;0
Nordeste;2;4;0;0;1;0;0
Nordeste;2;4;0;0;1;0;0
Nordeste;2;4;0;0;0;1;0
Nordeste;2;4;0;0;3;1;0
Nordeste;2;4;0;0;1;0;0
Nordeste;2;4;0;0;1;0;0
Nordeste;2;4;0;0;1;0;0
Nordeste;2;4;0;0;3;0;0
Nordeste;2;4;0;0;2;0;0
Nordeste;2;4;0;0;2;0;0
Nordeste;2;4;0;0;2;0;0
Nordeste;2;4;0;0;0;0;0
Nordeste;2;4;0;0;1;0;0
Nordeste;2;4;0;0;0;0;0
Nordeste;2;4;0;0;0;1;0
Nordeste;2;4;0;0;0;1;0
Nordeste;2;4;0;0;2;0;0
Nordeste;2;4;0;0;1;0;0
Nordeste;2;4;0;0;3;0;0
Nordeste;2;4;0;0;2;0;0
Nordeste;2;4;0;0;0;0;0
Nordeste;2;4;0;0;2;0;0
Nordeste;2;4;0;0;5;1;0
Nordeste;2;4;0;0;1;0;0
Nordeste;2;4;0;0;4;0;0
Nordeste;2;4;0;0;0;0;0
Nordeste;2;4;0;0;0;0;0
Nordeste;2;4;0;0;1;1;0
Nordeste;2;4;0;0;1;1;0
Nordeste;2;4;0;0;4;5;0
Nordeste;2;4;0;0;26;7;0
Nordeste;2;4;0;0;4;0;0
Nordeste;2;5;0;0;0;0;0
Nordeste;2;5;0;0;1;0;0
Nordeste;2;4;0;0;1;0;0
Nordeste;2;4;0;0;1;0;0
Nordeste;2;4;0;0;2;0;0
Nordeste;2;4;0;0;1;0;0
Nordeste;2;4;0;0;0;0;0
Nordeste;2;4;0;0;1;0;0
Nordeste;2;4;0;0;1;0;0
Nordeste;2;4;0;0;0;0;0
Nordeste;2;4;0;0;0;0;0
Nordeste;2;4;0;0;1;0;0
Nordeste;2;4;0;0;2;0;0
Nordeste;2;4;0;0;2;0;0
Nordeste;2;4;0;0;2;0;0
Nordeste;2;4;0;0;0;1;0
Nordeste;2;4;0;0;1;0;0
Nordeste;2;4;0;0;1;0;0
Nordeste;2;4;0;0;1;0;0
Nordeste;2;4;0;0;1;0;0
Nordeste;2;4;0;0;2;0;0
Nordeste;2;4;0;0;1;0;0
Nordeste;2;4;0;0;1;0;0
Nordeste;2;4;0;0;1;0;0
Nordeste;2;4;0;0;5;0;0
Nordeste;2;4;0;0;10;2;0
Nordeste;2;4;0;0;2;0;0
Nordeste;2;4;0;0;0;0;0
Nordeste;2;4;0;0;2;0;0
Nordeste;2;4;0;0;0;1;0
Nordeste;2;4;0;0;0;0;0
Nordeste;2;4;0;0;1;0;0
Nordeste;2;4;0;0;1;0;0
Nordeste;2;4;0;0;1;0;0
Nordeste;2;4;0;0;1;0;0
Nordeste;2;4;0;0;3;0;0
Nordeste;2;4;0;0;0;0;0
Nordeste;2;4;0;0;1;4;0
Nordeste;2;4;0;0;5;0;0
Nordeste;2;4;0;0;3;0;0
Nordeste;2;4;0;0;1;0;0
Nordeste;2;4;0;0;0;0;0
Nordeste;2;4;0;0;1;0;0
Nordeste;2;4;0;0;1;0;0
Nordeste;2;4;0;0;1;0;0
Nordeste;2;5;0;0;1;0;0
Nordeste;2;4;0;0;0;0;0
Nordeste;2;4;0;0;3;0;0
Nordeste;2;4;0;0;6;0;0
Nordeste;2;4;0;0;0;0;0
Nordeste;2;4;0;0;1;0;0
Nordeste;2;4;0;0;1;0;0
Nordeste;2;4;0;0;0;0;0
Nordeste;2;4;0;0;1;0;0
Nordeste;2;4;0;0;1;0;0
Nordeste;2;4;0;0;1;0;0
Nordeste;2;4;0;0;1;0;0
Nordeste;2;4;0;0;15;1;0
Nordeste;2;4;0;0;1;0;0
Nordeste;2;4;0;0;0;2;0
Nordeste;2;4;0;0;0;1;0
Nordeste;2;4;0;0;0;0;0
Nordeste;2;4;0;0;1;0;0
Nordeste;2;4;0;0;3;0;0
Nordeste;2;4;0;0;1;0;0
Nordeste;2;4;0;0;2;0;0
Nordeste;2;4;0;0;6;0;0
Nordeste;2;4;0;0;2;0;0
Nordeste;2;4;0;0;1;0;0
Nordeste;2;4;0;0;2;1;0
Nordeste;2;4;0;0;1;0;0
Nordeste;2;4;0;0;0;0;0
Nordeste;2;4;0;0;2;1;0
Nordeste;2;4;0;0;1;0;0
Nordeste;2;4;0;0;3;0;0
Nordeste;2;4;0;0;1;1;0
Nordeste;2;5;0;0;1;0;0
Nordeste;2;4;0;0;0;0;0
Nordeste;2;4;0;0;1;0;0
Nordeste;2;4;0;0;1;0;0
Nordeste;2;4;0;0;0;0;0
Nordeste;2;4;0;0;0;0;0
Nordeste;2;4;0;0;2;0;0
Nordeste;2;4;0;0;1;0;0
Nordeste;2;4;0;0;1;0;0
Nordeste;2;4;0;0;1;0;0
Nordeste;2;4;0;0;2;0;0
Nordeste;2;4;0;0;2;0;0
Nordeste;2;4;0;0;1;0;0
Nordeste;2;4;0;0;4;0;0
Nordeste;2;4;0;0;1;0;0
Nordeste;2;4;0;0;0;0;0
Nordeste;2;5;0;0;1;0;0
Nordeste;2;4;0;0;17;4;0
Nordeste;2;4;0;0;54;3;0
Nordeste;2;4;0;0;3;0;0
Nordeste;2;4;0;0;4;0;0
Nordeste;2;4;0;0;3;0;0
Nordeste;2;4;0;0;5;2;0
Nordeste;2;4;0;0;2;0;0
Nordeste;2;4;0;0;1;0;0
Nordeste;2;4;0;0;1;0;0
Nordeste;2;4;0;0;2;0;0
Nordeste;2;4;0;0;1;1;0
Nordeste;2;5;0;0;4;0;0
Nordeste;2;5;0;0;2;0;0
Nordeste;2;4;0;0;0;0;0
Nordeste;2;4;0;0;1;0;0
Nordeste;2;4;0;0;1;0;0
Nordeste;2;4;0;0;5;0;0
Nordeste;2;4;0;0;2;0;0
Nordeste;2;4;0;0;7;0;0
Nordeste;2;4;0;0;8;6;0
Nordeste;2;4;0;0;7;0;0
Nordeste;2;4;0;0;1;0;0
Nordeste;2;4;0;0;9;0;0
Nordeste;2;4;0;0;11;1;0
Nordeste;2;4;0;0;36;0;0
Nordeste;2;4;0;0;6;0;0
Nordeste;2;4;0;0;40;0;0
Nordeste;2;4;0;0;0;1;0
Nordeste;2;4;0;0;3;0;0
Nordeste;2;4;0;0;36;4;0
Nordeste;2;4;0;0;0;6;0
Nordeste;2;4;0;0;40;0;0
Nordeste;2;5;0;0;4;3;0
Nordeste;2;5;0;0;2;0;0
Nordeste;2;4;0;0;0;1;0
Nordeste;2;4;0;0;5;0;0
Nordeste;2;4;0;0;0;0;0
Nordeste;2;4;0;0;1;0;0
Nordeste;2;4;0;0;1;0;0
Nordeste;2;4;0;0;0;0;0
Nordeste;2;4;0;0;0;0;0
Nordeste;2;4;0;0;1;0;0
Nordeste;2;4;0;0;1;0;0
Nordeste;2;4;0;0;3;0;0
Nordeste;2;4;0;0;1;0;0
Nordeste;2;4;0;0;0;0;0
Nordeste;2;4;0;0;1;0;0
Nordeste;2;4;0;0;0;0;0
Nordeste;2;4;0;0;1;0;0
Nordeste;2;4;0;0;0;0;0
Nordeste;2;4;0;0;1;0;0
Nordeste;2;4;0;0;1;0;0
Nordeste;2;4;0;0;1;0;0
Nordeste;2;4;0;0;1;0;0
Nordeste;2;4;0;0;1;0;0
Nordeste;2;4;0;0;0;0;0
Nordeste;2;4;0;0;1;0;0
Nordeste;2;4;0;0;1;0;0
Nordeste;2;4;0;0;0;0;0
Nordeste;2;4;0;0;3;0;0
Nordeste;2;4;0;0;0;0;0
Nordeste;2;4;0;0;1;0;0
Nordeste;2;4;0;0;1;0;0
Nordeste;2;4;0;0;1;0;0
Nordeste;2;4;0;0;0;0;0
Nordeste;2;4;0;0;1;0;0
Nordeste;2;4;0;0;1;0;0
Nordeste;2;4;0;0;1;0;0
Nordeste;2;4;0;0;1;0;0
Nordeste;2;4;0;0;1;0;0
Nordeste;2;4;0;0;1;0;0
Nordeste;2;4;0;0;0;0;0
Nordeste;2;4;0;0;0;0;0
Nordeste;2;4;0;0;1;0;0
Nordeste;2;4;0;0;1;0;0
Nordeste;2;4;0;0;1;0;0
Nordeste;2;4;0;0;1;1;0
Nordeste;2;4;0;0;1;0;0
Nordeste;2;4;0;0;1;0;0
Nordeste;2;4;0;0;2;0;0
Nordeste;2;4;0;0;0;0;0
Nordeste;2;4;0;0;0;0;0
Nordeste;2;4;0;0;1;0;0
Nordeste;2;4;0;0;0;0;0
Nordeste;2;4;0;0;0;0;0
Nordeste;2;4;0;0;2;0;0
Nordeste;2;4;0;0;1;0;0
Nordeste;2;4;0;0;1;0;0
Nordeste;2;4;0;0;0;0;0
Nordeste;2;4;0;0;1;0;0
Nordeste;2;4;0;0;2;0;0
Nordeste;2;4;0;0;1;0;0
Nordeste;2;4;0;0;1;0;0
Nordeste;2;1;0;0;116;0;0
Nordeste;2;4;0;0;3;0;0
Nordeste;2;4;0;0;10;0;0
Nordeste;2;4;0;0;1;0;0
Nordeste;2;4;0;0;4;0;0
Nordeste;2;4;0;0;0;0;0
Nordeste;2;4;0;0;3;0;0
Nordeste;2;4;0;0;1;0;0
Nordeste;2;4;0;0;1;0;0
Nordeste;2;4;0;0;1;0;0
Nordeste;2;4;0;0;1;0;0
Nordeste;2;4;0;0;0;0;0
Nordeste;2;4;0;0;1;0;0
Nordeste;2;4;0;0;1;0;0
Nordeste;2;4;0;0;7;0;0
Nordeste;2;4;0;0;0;0;0
Nordeste;2;4;0;0;1;0;0
Nordeste;2;4;0;0;1;0;0
Nordeste;2;4;0;0;15;0;0
Nordeste;2;4;0;0;4;0;0
Nordeste;2;4;0;0;7;1;0
Nordeste;2;4;0;0;3;0;0
Nordeste;2;4;0;0;9;0;0
Nordeste;2;5;0;0;3;0;0
Nordeste;2;4;0;0;1;0;0
Nordeste;2;4;0;0;1;0;0
Nordeste;2;4;0;0;1;0;0
Nordeste;2;4;0;0;1;0;0
Nordeste;2;4;0;0;0;0;0
Nordeste;2;5;0;0;1;0;0
Nordeste;2;4;0;0;1;0;0
Nordeste;2;4;0;0;0;0;0
Nordeste;2;4;0;0;1;0;0
Nordeste;2;4;0;0;1;0;0
Nordeste;2;4;0;0;1;0;0
Nordeste;2;4;0;0;1;0;0
Nordeste;2;4;0;0;0;0;0
Nordeste;2;4;0;0;1;0;0
Nordeste;2;4;0;0;1;0;0
Nordeste;2;4;0;0;2;0;0
Nordeste;2;4;0;0;3;0;0
Nordeste;2;4;0;0;3;0;0
Nordeste;2;4;0;0;1;0;0
Nordeste;2;4;0;0;0;0;0
Nordeste;2;4;0;0;0;0;0
Nordeste;2;4;0;0;0;0;0
Nordeste;2;4;0;0;0;0;0
Nordeste;2;4;0;0;0;0;0
Nordeste;2;4;0;0;2;0;0
Nordeste;2;4;0;0;0;0;0
Nordeste;2;4;0;0;6;0;0
Nordeste;2;4;0;0;13;2;0
Nordeste;2;4;0;0;1;0;0
Nordeste;2;4;0;0;3;0;0
Nordeste;2;4;0;0;3;0;0
Nordeste;2;4;0;0;3;1;0
Nordeste;2;4;0;0;2;0;0
Nordeste;2;4;0;0;1;0;0
Nordeste;2;4;0;0;5;0;0
Nordeste;2;4;0;0;5;1;0
Nordeste;2;4;0;0;1;1;0
Nordeste;2;4;0;0;0;0;0
Nordeste;2;4;0;0;1;0;0
Nordeste;2;4;0;0;3;0;0
Nordeste;2;4;0;0;0;0;0
Nordeste;2;4;0;0;0;0;0
Nordeste;2;4;0;0;0;0;0
Nordeste;2;4;0;0;1;0;0
Nordeste;2;4;0;0;1;0;0
Nordeste;2;4;0;0;5;0;0
Nordeste;2;4;0;0;2;0;0
Nordeste;2;4;0;0;3;0;0
Nordeste;2;4;0;0;10;0;0
Nordeste;2;4;0;0;0;1;0
Nordeste;2;4;0;0;3;1;0
Nordeste;2;4;0;0;9;0;0
Nordeste;2;5;0;0;2;0;0
Nordeste;2;4;0;0;0;0;0
Nordeste;2;4;0;0;2;0;0
Nordeste;2;4;0;0;1;0;0
Nordeste;2;4;0;0;1;0;0
Nordeste;2;4;0;0;1;1;0
Nordeste;2;4;0;0;2;0;0
Nordeste;2;4;0;0;1;0;0
Nordeste;2;4;0;0;1;0;0
Nordeste;2;4;0;0;0;0;0
Nordeste;2;4;0;0;2;0;0
Nordeste;2;5;0;0;1;0;0
Nordeste;2;4;0;0;1;0;0
Nordeste;2;4;0;0;1;0;0
Nordeste;2;4;0;0;1;0;0
Nordeste;2;4;0;0;1;0;0
Nordeste;2;4;0;0;0;0;0
Nordeste;2;4;0;0;1;0;0
Nordeste;2;4;0;0;1;0;0
Nordeste;2;4;0;0;1;0;0
Nordeste;2;4;0;0;1;0;0
Nordeste;2;4;0;0;1;0;0
Nordeste;2;4;0;0;0;0;0
Nordeste;2;4;0;0;1;0;0
Nordeste;2;4;0;0;2;0;0
Nordeste;2;4;0;0;0;0;0
Nordeste;2;4;0;0;1;0;0
Nordeste;2;4;0;0;8;0;0
Nordeste;2;4;0;0;15;1;0
Nordeste;2;4;0;0;1;0;0
Nordeste;2;4;0;0;1;0;0
Nordeste;2;4;0;0;3;0;0
Nordeste;2;4;0;0;2;0;0
Nordeste;2;4;0;0;4;0;0
Nordeste;2;4;0;0;2;0;0
Nordeste;2;5;0;0;0;0;0
Nordeste;2;4;0;0;1;0;0
Nordeste;2;4;0;0;1;0;0
Nordeste;2;4;0;0;2;0;0
Nordeste;2;4;0;0;2;0;0
Nordeste;2;4;0;0;1;0;0
Nordeste;2;4;0;0;2;1;0
Nordeste;2;4;0;0;1;0;0
Nordeste;2;4;0;0;4;0;0
Nordeste;2;4;0;0;8;0;0
Nordeste;2;4;0;0;9;2;0
Nordeste;2;4;0;0;11;0;0
Nordeste;2;5;0;0;0;0;0
Nordeste;2;4;0;0;1;0;0
Nordeste;2;4;0;0;1;0;0
Nordeste;2;4;0;0;0;0;0
Nordeste;2;4;0;0;1;0;0
Nordeste;2;4;0;0;1;0;0
Nordeste;2;4;0;0;0;1;0
Nordeste;2;4;0;0;0;0;0
Nordeste;2;4;0;0;1;0;0
Nordeste;2;4;0;0;0;0;0
Nordeste;2;4;0;0;1;0;0
Nordeste;2;4;0;0;0;0;0
Nordeste;2;4;0;0;0;0;0
Nordeste;2;4;0;0;1;0;0
Nordeste;2;4;0;0;2;0;0
Nordeste;2;4;0;0;2;0;0
Nordeste;2;4;0;0;1;0;0
Nordeste;2;4;0;0;1;0;0
Nordeste;2;4;0;0;4;0;0
Nordeste;2;4;0;0;0;0;0
Nordeste;2;4;0;0;1;0;0
Nordeste;2;4;0;0;2;0;0
Nordeste;2;4;0;0;1;0;0
Nordeste;2;4;0;0;0;1;0
Nordeste;2;4;0;0;1;0;0
Norte;2;4;0;0;1;0;0
Norte;2;4;0;0;1;0;0
Norte;2;4;0;0;0;0;0
Norte;2;5;0;0;0;0;0
Norte;2;4;0;0;0;0;0
Norte;2;4;0;0;0;0;0
Norte;2;4;0;0;1;0;0
Norte;2;4;0;0;0;0;0
Norte;2;4;0;0;0;0;0
Norte;2;4;0;0;0;1;0
Norte;2;4;0;0;3;1;0
Norte;2;4;0;0;1;0;0
Norte;2;4;0;0;0;0;0
Norte;2;4;0;0;2;0;0
Norte;2;4;0;0;6;0;0
Norte;2;4;0;0;0;2;0
Norte;2;4;0;0;0;0;0
Norte;2;4;0;0;0;1;0
Norte;2;4;0;0;1;0;0
Norte;2;4;0;0;1;0;0
Norte;2;4;0;0;2;0;0
Norte;2;4;0;0;5;1;0
Norte;2;4;0;0;0;0;0
Norte;2;4;0;0;6;0;0
Norte;2;4;0;0;0;0;0
Norte;2;4;0;0;1;0;0
Norte;2;4;0;0;1;0;0
Norte;2;4;0;0;1;0;0
Norte;2;4;0;0;1;0;0
Norte;2;4;0;0;1;0;0
Norte;2;4;0;0;2;0;0
Norte;2;4;0;0;1;0;0
Norte;2;4;0;0;2;0;0
Norte;2;4;0;0;1;0;0
Norte;2;4;0;0;1;0;0
Norte;2;4;0;0;2;0;0
Norte;2;4;0;0;2;0;0
Norte;2;4;0;0;3;0;0
Norte;2;4;0;0;1;0;0
Norte;2;5;0;0;0;1;0
Norte;2;4;0;0;0;0;0
Norte;2;4;0;0;0;0;0
Norte;2;4;0;0;1;0;0
Norte;2;4;0;0;0;0;0
Norte;2;4;0;0;1;0;0
Norte;2;4;0;0;1;0;0
Norte;2;4;0;0;0;0;0
Norte;2;4;0;0;0;0;0
Norte;2;4;0;0;0;0;0
Norte;2;4;0;0;2;0;0
Norte;2;4;0;0;0;0;0
Norte;2;4;0;0;0;0;0
Norte;2;4;0;0;1;0;0
Norte;2;4;0;0;0;0;0
Norte;2;5;0;0;0;0;0
Norte;1;2;0;0;0;0;0
Norte;2;4;0;0;12;3;0
Norte;2;4;0;0;26;3;0
Norte;2;4;0;0;0;0;0
Norte;2;4;0;0;7;1;0
Norte;2;4;0;0;4;0;0
Norte;2;4;0;0;8;0;0
Norte;2;4;0;0;4;0;0
Norte;2;4;0;0;0;0;0
Norte;2;4;0;0;3;0;0
Norte;2;4;0;0;0;0;0
Norte;2;4;0;0;0;0;0
Norte;2;4;0;0;2;0;0
Norte;2;4;0;0;7;0;0
Norte;2;5;0;0;1;0;0
Norte;2;4;0;0;0;1;0
Norte;2;4;0;0;2;1;0
Norte;2;4;0;0;1;0;0
Norte;2;4;0;0;1;0;0
Norte;2;4;0;0;1;0;0
Norte;2;4;0;0;1;0;0
Norte;2;4;0;0;0;1;0
Norte;2;4;0;0;3;1;0
Norte;2;4;0;0;1;0;0
Norte;2;4;0;0;3;0;0
Norte;2;4;0;0;1;0;0
Norte;2;4;0;0;3;0;0
Norte;2;4;0;0;10;0;0
Norte;2;4;0;0;2;0;0
Norte;2;4;0;0;1;0;0
Norte;2;4;0;0;9;0;0
Norte;2;4;0;0;4;0;0
Norte;2;4;0;0;22;0;0
Norte;2;4;0;0;0;0;0
Norte;2;4;0;0;0;1;0
Norte;2;4;0;0;0;0;0
Norte;2;4;0;0;0;1;0
Norte;2;4;0;0;15;0;0
Norte;2;5;0;0;4;0;0
Norte;2;5;0;0;1;0;0
Norte;2;5;0;0;0;0;0
Norte;2;4;0;0;0;0;0
Norte;2;4;0;0;1;0;0
Norte;2;4;0;0;0;0;0
Norte;2;4;0;0;0;0;0
Norte;2;4;0;0;0;0;0
Norte;2;4;0;0;1;0;0
Norte;2;4;0;0;1;0;0
Norte;2;4;0;0;1;0;0
Norte;2;4;0;0;0;0;0
Norte;2;4;0;0;0;0;0
Norte;2;4;0;0;1;0;0
Norte;2;4;0;0;0;0;0
Norte;2;4;0;0;1;0;0
Norte;2;4;0;0;1;0;0
Norte;2;4;0;0;1;0;0
Norte;2;4;0;0;0;1;0
Norte;2;4;0;0;1;0;0
Norte;2;4;0;0;1;0;0
Norte;2;4;0;0;2;2;0
Norte;2;4;0;0;1;0;0
Norte;2;4;0;0;0;0;0
Norte;2;4;0;0;3;0;0
Norte;2;4;0;0;2;0;0
Norte;2;4;0;0;2;0;0
Norte;2;4;0;0;3;0;0
Norte;2;4;0;0;5;0;0
Norte;2;4;0;0;0;1;0
Norte;2;4;0;0;2;0;0
Norte;2;4;0;0;1;0;0
Norte;2;4;0;0;1;0;0
Norte;2;4;0;0;3;0;0
Norte;2;4;0;0;2;0;0
Norte;2;4;0;0;0;1;0
Norte;2;4;0;0;1;0;0
Norte;2;4;0;0;1;0;0
Norte;2;4;0;0;1;0;0
Norte;2;4;0;0;8;3;0
Norte;2;4;0;0;16;0;0
Norte;2;4;0;0;1;0;0
Norte;2;4;0;0;2;0;0
Norte;2;4;0;0;3;0;0
Norte;2;4;0;0;8;2;0
Norte;2;4;0;0;0;2;0
Norte;2;4;0;0;3;0;0
Norte;2;4;0;0;1;0;0
Norte;2;4;0;0;2;0;0
Norte;2;5;0;0;2;0;0
Norte;2;4;0;0;1;0;0
Norte;2;4;0;0;2;0;0
Norte;2;4;0;0;1;0;0
Norte;2;4;0;0;1;0;0
Norte;2;4;0;0;5;0;0
Norte;2;4;0;0;4;4;0
Norte;2;4;0;0;1;0;0
Norte;2;4;0;0;1;0;0
Norte;2;4;0;0;8;0;0
Norte;2;4;0;0;26;0;0
Norte;2;4;0;0;6;0;0
Norte;2;4;0;0;13;0;0
Norte;2;4;0;0;3;4;0
Norte;2;4;0;0;0;0;0
Norte;2;4;0;0;13;0;0
Norte;2;5;0;0;0;0;0
Norte;2;4;0;0;0;0;0
Norte;2;4;0;0;0;0;0
Norte;2;4;0;0;1;0;0
Norte;2;4;0;0;1;0;0
Norte;2;4;0;0;0;0;0
Norte;2;4;0;0;1;0;0
Norte;2;4;0;0;1;0;0
Norte;2;4;0;0;1;0;0
Norte;2;4;0;0;0;0;0
Norte;2;4;0;0;0;0;0
Norte;2;4;0;0;1;0;0
Norte;2;4;0;0;1;0;0
Norte;2;4;0;0;1;0;0
Norte;2;4;0;0;0;0;0
Norte;2;4;0;0;1;0;0
Norte;2;4;0;0;1;0;0
Norte;2;5;0;0;1;0;0
Norte;2;4;0;0;0;0;0
Norte;2;4;0;0;0;0;0
Norte;2;4;0;0;1;0;0
Norte;2;4;0;0;0;0;0
Norte;2;4;0;0;0;1;0
Norte;2;4;0;0;1;0;0
Norte;2;4;0;0;0;0;0
Norte;2;4;0;0;1;0;0
Norte;2;4;0;0;1;0;0
Norte;2;5;0;0;0;1;0
Norte;2;4;0;0;1;0;0
Norte;2;4;0;0;0;0;0
Norte;2;4;0;0;2;0;0
Norte;2;4;0;0;0;0;0
Norte;2;4;0;0;4;0;0
Norte;2;4;0;0;1;0;0
Norte;2;4;0;0;0;0;0
Norte;2;4;0;0;0;0;0
Norte;2;4;0;0;1;0;0
Norte;2;4;0;0;1;0;0
Norte;2;4;0;0;1;0;0
Norte;2;4;0;0;0;0;0
Norte;2;4;0;0;1;0;0
Norte;2;4;0;0;1;0;0
Norte;2;4;0;0;0;0;0
Norte;2;4;0;0;0;0;0
Norte;2;4;0;0;1;0;0
Norte;2;4;0;0;0;0;0
Norte;2;4;0;0;1;0;0
Norte;2;4;0;0;1;0;0
Norte;2;4;0;0;1;0;0
Norte;2;4;0;0;3;0;0
Norte;2;4;0;0;0;0;0
Norte;2;4;0;0;1;0;0
Norte;2;4;0;0;1;0;0
Norte;2;4;0;0;1;0;0
Norte;2;4;0;0;0;0;0
Norte;2;4;0;0;0;0;0
Norte;2;4;0;0;0;0;0
Norte;2;4;0;0;0;0;0
Norte;2;4;0;0;1;0;0
Norte;2;4;0;0;0;0;0
Norte;2;4;0;0;1;0;0
Norte;2;4;0;0;1;0;0
Norte;2;4;0;0;1;0;0
Norte;2;4;0;0;1;0;0
Norte;2;4;0;0;0;0;0
Norte;2;4;0;0;1;0;0
Norte;2;4;0;0;0;0;0
Norte;2;4;0;0;0;1;0
Norte;2;4;0;0;0;0;0
Norte;2;4;0;0;0;0;0
Norte;2;4;0;0;1;0;0
Norte;2;4;0;0;0;0;0
Norte;2;4;0;0;0;0;0
Norte;2;4;0;0;3;0;0
Norte;2;4;0;0;1;1;0
Norte;2;4;0;0;1;0;0
Norte;2;4;0;0;1;0;0
Norte;2;4;0;0;7;0;0
Norte;2;4;0;0;1;1;0
Norte;2;4;0;0;1;0;0
Norte;2;4;0;0;2;0;0
Norte;2;4;0;0;2;0;0
Norte;2;4;0;0;3;0;0
Norte;2;4;0;0;1;0;0
Norte;2;4;0;0;4;0;0
Norte;2;4;0;0;1;0;0
Norte;2;4;0;0;1;0;0
Norte;2;4;0;0;1;0;0
Norte;2;4;0;0;2;0;0
Norte;2;4;0;0;1;0;0
Norte;2;4;0;0;0;0;0
Norte;2;4;0;0;0;0;0
Norte;2;4;0;0;1;0;0
Norte;2;4;0;0;1;0;0
Norte;2;4;0;0;0;0;0
Norte;2;4;0;0;1;0;0
Norte;2;4;0;0;0;0;0
Norte;2;4;0;0;0;0;0
Norte;2;4;0;0;1;0;0
Norte;2;4;0;0;1;0;0
Norte;2;4;0;0;0;0;0
Norte;2;4;0;0;0;0;0
Norte;2;4;0;0;0;0;0
Norte;2;4;0;0;2;0;0
Norte;2;4;0;0;0;0;0
Norte;2;4;0;0;1;0;0
Norte;2;4;0;0;0;0;0
Norte;2;4;0;0;1;0;0
Norte;2;4;0;0;1;0;0
Norte;2;4;0;0;1;0;0
Norte;2;4;0;0;0;1;0
Norte;2;4;0;0;1;0;0
Norte;2;4;0;0;0;0;0
Norte;2;4;0;0;0;0;0
Norte;2;4;0;0;0;0;0
Norte;2;4;0;0;0;0;0
Norte;2;4;0;0;0;0;0
Norte;2;4;0;0;2;0;0
Norte;2;4;0;0;1;0;0
Norte;2;4;0;0;1;0;0
Norte;2;4;0;0;1;0;0
Norte;2;4;0;0;0;0;0
Norte;2;4;0;0;0;0;0
Norte;2;4;0;0;0;0;0
Norte;2;4;0;0;0;0;0
Norte;2;4;0;0;0;0;0
Norte;2;4;0;0;1;0;0
Norte;2;4;0;0;0;0;0
Norte;2;4;0;0;2;0;0
Norte;2;4;0;0;3;0;0
Norte;2;4;0;0;2;0;0
Norte;2;4;0;0;1;0;0
Norte;2;4;0;0;0;0;0
Norte;2;4;0;0;1;0;0
Norte;2;4;0;0;0;0;0
Norte;2;4;0;0;1;0;0
Norte;2;4;0;0;1;0;0
Norte;2;4;0;0;1;0;0
Norte;2;4;0;0;0;0;0
Norte;2;4;0;0;1;0;0
Norte;2;4;0;0;0;0;0
Norte;2;4;0;0;1;0;0
Norte;2;4;0;0;2;0;0
Norte;2;4;0;0;1;0;0
Norte;2;4;0;0;0;0;0
Norte;2;4;0;0;1;0;0
Norte;2;4;0;0;0;0;0
Norte;2;4;0;0;0;0;0
Norte;2;5;0;0;0;0;0
Norte;2;4;0;0;0;0;0
Norte;2;4;0;0;1;0;0
Norte;2;4;0;0;1;0;0
Norte;2;4;0;0;1;0;0
Norte;2;4;0;0;1;0;0
Norte;2;4;0;0;1;0;0
Norte;2;4;0;0;2;1;0
Norte;2;4;0;0;4;0;0
Norte;2;4;0;0;1;1;0
Norte;2;4;0;0;1;0;0
Norte;2;4;0;0;0;1;0
Norte;2;4;0;0;9;0;0
Norte;2;5;0;0;1;0;0
Norte;2;4;0;0;1;0;0
Norte;2;4;0;0;1;0;0
Norte;2;4;0;0;3;0;0
Norte;2;4;0;0;7;0;0
Norte;2;4;0;0;1;0;0
Norte;2;4;0;0;0;0;0
Norte;2;4;0;0;2;0;0
Norte;2;4;0;0;3;0;0
Norte;2;4;0;0;10;0;0
Norte;2;4;0;0;1;0;0
Norte;2;4;0;0;0;1;0
Norte;2;5;0;0;0;0;0
Norte;2;5;0;0;0;1;0
Norte;2;4;0;0;1;0;0
Norte;2;4;0;0;1;0;0
Norte;2;4;0;0;1;0;0
Norte;2;4;0;0;1;1;0
Norte;2;4;0;0;0;0;0
Norte;2;4;0;0;0;0;0
Norte;2;4;0;0;1;0;0
Norte;2;4;0;0;6;0;0
Norte;2;4;0;0;1;0;0
Norte;2;4;0;0;1;0;0
Norte;2;4;0;0;1;0;0
Norte;2;4;0;0;0;1;0
Norte;2;4;0;0;1;0;0
Norte;2;4;0;0;2;0;0
Norte;2;4;0;0;2;0;0
Norte;2;4;0;0;2;0;0
Norte;2;4;0;0;0;0;0
Norte;2;4;0;0;4;0;0
Norte;2;4;0;0;1;0;0
Norte;2;5;0;0;0;0;0
Norte;2;4;0;0;1;0;0
Norte;2;4;0;0;1;0;0
Norte;2;4;0;0;2;0;0
Norte;2;4;0;0;2;0;0
Norte;2;4;0;0;2;0;0
Norte;2;4;0;0;0;0;0
Norte;2;4;0;0;0;0;0
Norte;2;4;0;0;1;0;0
Norte;2;4;0;0;1;0;0
Norte;2;4;0;0;0;0;0
Norte;2;4;0;0;1;0;0
Norte;2;4;0;0;0;0;0
Norte;2;4;0;0;0;0;0
Norte;2;4;0;0;1;0;0
Norte;2;4;0;0;0;0;0
Norte;2;4;0;0;2;0;0
Norte;2;4;0;0;0;0;0
Norte;2;4;0;0;1;0;0
Norte;2;4;0;0;0;0;0
Norte;2;4;0;0;1;1;0
Norte;2;4;0;0;2;0;0
Norte;2;4;0;0;1;0;0
Norte;2;4;0;0;3;0;0
Norte;2;4;0;0;2;0;0
Norte;2;4;0;0;3;0;0
Norte;2;4;0;0;0;0;0
Norte;2;4;0;0;0;0;0
Norte;2;4;0;0;1;0;0
Norte;2;4;0;0;2;2;0
Norte;2;4;0;0;0;0;0
Norte;2;4;0;0;1;0;0
Norte;2;4;0;0;1;0;0
Norte;2;4;0;0;1;0;0
Norte;2;4;0;0;0;0;0
Norte;2;4;0;0;1;0;0
Norte;2;4;0;0;0;0;0
Norte;2;4;0;0;1;0;0
Norte;2;4;0;0;1;0;0
Norte;2;4;0;0;2;0;0
Norte;2;4;0;0;7;0;0
Norte;2;4;0;0;1;0;0
Norte;2;4;0;0;2;0;0
Norte;2;4;0;0;3;0;0
Norte;2;5;0;0;1;0;0
Norte;2;4;0;0;0;0;0
Norte;2;4;0;0;2;0;0
Norte;2;4;0;0;1;0;0
Norte;2;4;0;0;1;0;0
Norte;2;4;0;0;0;0;0
Sudeste;2;5;0;0;1;0;0
Sudeste;2;4;0;0;1;0;0
Sudeste;2;4;0;0;3;0;0
Sudeste;2;4;0;0;1;0;0
Sudeste;2;4;0;0;0;0;0
Sudeste;2;4;0;0;3;0;0
Sudeste;2;4;0;0;0;0;0
Sudeste;2;4;0;0;1;0;0
Sudeste;2;5;0;0;2;0;0
Sudeste;2;4;0;0;2;0;0
Sudeste;2;4;0;0;2;0;0
Sudeste;2;4;0;0;1;0;0
Sudeste;2;4;0;0;1;0;0
Sudeste;2;4;0;0;0;0;0
Sudeste;2;4;0;0;2;0;0
Sudeste;2;4;0;0;1;0;0
Sudeste;2;4;0;0;1;0;0
Sudeste;2;4;0;0;1;0;0
Sudeste;2;4;0;0;1;0;0
Sudeste;2;4;0;0;0;0;0
Sudeste;2;4;0;0;1;0;0
Sudeste;2;4;0;0;10;1;0
Sudeste;2;4;0;0;0;0;0
Sudeste;2;4;0;0;2;1;0
Sudeste;2;4;0;0;1;0;0
Sudeste;2;4;0;0;1;0;0
Sudeste;2;4;0;0;1;0;0
Sudeste;2;4;0;0;6;2;0
Sudeste;2;4;0;0;1;0;0
Sudeste;2;4;0;0;4;0;0
Sudeste;2;5;0;0;1;0;0
Sudeste;2;4;0;0;1;0;0
Sudeste;2;4;0;0;2;0;0
Sudeste;2;4;0;0;1;0;0
Sudeste;2;4;0;0;0;0;0
Sudeste;2;4;0;0;2;0;0
Sudeste;2;4;0;0;1;0;0
Sudeste;2;4;0;0;3;0;0
Sudeste;2;4;0;0;1;0;0
Sudeste;2;4;0;0;0;0;0
Sudeste;2;4;0;0;1;0;0
Sudeste;2;4;0;0;1;0;0
Sudeste;2;4;0;0;0;0;0
Sudeste;2;4;0;0;1;0;0
Sudeste;2;4;0;0;1;0;0
Sudeste;2;4;0;0;3;0;0
Sudeste;2;4;0;0;1;0;0
Sudeste;2;4;0;0;1;0;0
Sudeste;2;4;0;0;3;0;0
Sudeste;2;4;0;0;0;0;0
Sudeste;2;4;0;0;1;0;0
Sudeste;2;4;0;0;0;0;0
Sudeste;2;4;0;0;1;0;0
Sudeste;2;4;0;0;1;0;0
Sudeste;2;4;0;0;1;0;0
Sudeste;2;4;0;0;7;0;0
Sudeste;2;4;0;0;1;0;0
Sudeste;2;4;0;0;0;1;0
Sudeste;2;4;0;0;1;0;0
Sudeste;2;4;0;0;1;0;0
Sudeste;2;4;0;0;0;0;0
Sudeste;2;4;0;0;0;0;0
Sudeste;2;4;0;0;0;0;0
Sudeste;2;4;0;0;0;0;0
Sudeste;2;4;0;0;1;1;0
Sudeste;2;4;0;0;1;0;0
Sudeste;2;4;0;0;1;0;0
Sudeste;2;4;0;0;1;0;0
Sudeste;2;4;0;0;2;0;0
Sudeste;2;4;0;0;1;0;0
Sudeste;2;4;0;0;0;0;0
Sudeste;2;4;0;0;1;0;0
Sudeste;2;4;0;0;0;0;0
Sudeste;2;4;0;0;1;1;0
Sudeste;2;4;0;0;17;1;0
Sudeste;2;4;0;0;1;0;0
Sudeste;2;4;0;0;2;0;0
Sudeste;2;4;0;0;0;0;0
Sudeste;2;4;0;0;2;0;0
Sudeste;2;4;0;0;1;0;0
Sudeste;2;4;0;0;2;0;0
Sudeste;2;4;0;0;3;0;0
Sudeste;2;4;0;0;0;0;0
Sudeste;2;4;0;0;2;0;0
Sudeste;2;4;0;0;1;0;0
Sudeste;2;4;0;0;1;0;0
Sudeste;2;4;0;0;0;0;0
Sudeste;2;4;0;0;1;0;0
Sudeste;2;4;0;0;2;0;0
Sudeste;2;4;0;0;1;0;0
Sudeste;2;4;0;0;1;0;0
Sudeste;2;5;0;0;0;0;0
Sudeste;2;5;0;0;1;0;0
Sudeste;2;4;0;0;1;0;0
Sudeste;2;4;0;0;0;0;0
Sudeste;2;4;0;0;1;0;0
Sudeste;2;4;0;0;1;1;0
Sudeste;2;4;0;0;0;0;0
Sudeste;2;4;0;0;0;0;0
Sudeste;2;4;0;0;1;0;0
Sudeste;2;4;0;0;1;0;0
Sudeste;2;4;0;0;0;0;0
Sudeste;2;4;0;0;1;0;0
Sudeste;2;4;0;0;4;1;0
Sudeste;2;4;0;0;8;1;0
Sudeste;2;4;0;0;1;0;0
Sudeste;2;4;0;0;1;1;0
Sudeste;2;4;0;0;0;0;0
Sudeste;2;4;0;0;4;0;0
Sudeste;2;4;0;0;0;0;0
Sudeste;2;4;0;0;1;0;0
Sudeste;2;4;0;0;0;3;0
Sudeste;2;4;0;0;57;11;0
Sudeste;2;4;0;0;0;0;0
Sudeste;2;4;0;0;4;0;0
Sudeste;2;4;0;0;1;0;0
Sudeste;2;4;0;0;0;0;0
Sudeste;2;4;0;0;0;0;0
Sudeste;2;4;0;0;6;0;0
Sudeste;2;4;0;0;8;0;0
Sudeste;2;4;0;0;0;0;0
Sudeste;2;4;0;0;1;0;0
Sudeste;2;4;0;0;3;0;0
Sudeste;2;4;0;0;9;1;0
Sudeste;2;4;0;0;2;0;0
Sudeste;2;4;0;0;1;0;0
Sudeste;2;4;0;0;0;0;0
Sudeste;2;4;0;0;0;0;0
Sudeste;2;4;0;0;1;1;0
Sudeste;2;4;0;0;4;0;0
Sudeste;2;4;0;0;1;0;0
Sudeste;2;4;0;0;3;1;0
Sudeste;2;4;0;0;1;0;0
Sudeste;2;4;0;0;1;0;0
Sudeste;2;4;0;0;2;0;0
Sudeste;2;4;0;0;2;0;0
Sudeste;2;4;0;0;0;0;0
Sudeste;2;4;0;0;2;0;0
Sudeste;2;4;0;0;1;0;0
Sudeste;2;4;0;0;3;1;0
Sudeste;2;4;0;0;1;3;0
Sudeste;2;4;0;0;2;2;0
Sudeste;2;4;0;0;1;0;0
Sudeste;2;4;0;0;15;0;0
Sudeste;2;4;0;0;0;0;0
Sudeste;2;4;0;0;17;0;0
Sudeste;2;5;0;0;1;0;0
Sudeste;2;5;0;0;0;0;0
Sudeste;2;4;0;0;1;0;0
Sudeste;2;4;0;0;0;0;0
Sudeste;2;4;0;0;1;0;0
Sudeste;2;4;0;0;0;0;0
Sudeste;2;4;0;0;2;0;0
Sudeste;2;4;0;0;1;0;0
Sudeste;2;4;0;0;0;0;0
Sudeste;2;4;0;0;1;0;0
Sudeste;2;5;0;0;1;0;0
Sudeste;2;4;0;0;1;1;0
Sudeste;2;5;0;0;1;0;0
Sudeste;2;4;0;0;1;0;0
Sudeste;2;4;0;0;1;0;0
Sudeste;2;5;0;0;1;0;0
Sudeste;2;4;0;0;0;0;0
Sudeste;2;4;0;0;1;0;0
Sudeste;2;4;0;0;1;0;0
Sudeste;2;4;0;0;1;0;0
Sudeste;2;4;0;0;1;0;0
Sudeste;2;4;0;0;1;0;0
Sudeste;2;4;0;0;2;0;0
Sudeste;2;4;0;0;0;0;0
Sudeste;2;5;0;0;2;0;0
Sudeste;2;4;0;0;3;0;0
Sudeste;2;4;0;0;1;0;0
Sudeste;2;4;0;0;0;0;0
Sudeste;2;4;0;0;1;0;0
Sudeste;2;4;0;0;1;0;0
Sudeste;2;4;0;0;0;0;0
Sudeste;2;4;0;0;1;0;0
Sudeste;2;4;0;0;1;0;0
Sudeste;2;4;0;0;1;0;0
Sudeste;2;4;0;0;5;1;0
Sudeste;2;4;0;0;1;0;0
Sudeste;2;4;0;0;0;1;0
Sudeste;2;4;0;0;1;0;0
Sudeste;2;4;0;0;1;0;0
Sudeste;2;5;0;0;1;0;0
Sudeste;2;5;0;0;0;0;0
Sudeste;2;4;0;0;1;0;0
Sudeste;2;4;0;0;0;0;0
Sudeste;2;4;0;0;0;0;0
Sudeste;1;5;165;110;29;0;76
Sudeste;1;5;0;0;0;0;0
Sudeste;1;4;220;120;23;0;199
Sudeste;2;4;0;0;27;9;0
Sudeste;2;4;0;0;67;10;0
Sudeste;2;4;0;0;6;0;0
Sudeste;2;4;0;0;11;2;0
Sudeste;2;4;0;0;4;2;0
Sudeste;2;4;0;0;44;6;0
Sudeste;2;4;0;0;9;2;0
Sudeste;2;4;0;0;3;0;0
Sudeste;2;4;0;0;3;4;0
Sudeste;2;4;0;0;3;1;0
Sudeste;2;4;0;0;2;0;0
Sudeste;2;4;0;0;1;0;0
Sudeste;2;4;0;0;0;0;0
Sudeste;2;4;0;0;1;0;0
Sudeste;2;4;0;0;1;0;0
Sudeste;2;4;0;0;11;2;0
Sudeste;2;5;0;0;1;0;0
Sudeste;2;5;0;0;0;0;0
Sudeste;2;5;0;0;3;0;0
Sudeste;2;5;0;0;1;0;0
Sudeste;2;5;0;0;116;19;0
Sudeste;2;4;0;0;1;0;0
Sudeste;2;4;0;0;4;0;0
Sudeste;2;4;0;0;2;0;0
Sudeste;2;4;0;0;5;1;0
Sudeste;2;4;0;0;18;1;0
Sudeste;2;4;0;0;1;0;0
Sudeste;2;4;0;0;3;0;0
Sudeste;2;4;0;0;2;0;0
Sudeste;2;4;0;0;3;0;0
Sudeste;2;4;0;0;13;2;0
Sudeste;2;4;0;0;15;3;0
Sudeste;2;4;0;0;2;3;0
Sudeste;2;4;0;0;2;1;0
Sudeste;2;4;0;0;8;0;0
Sudeste;2;4;0;0;9;3;0
Sudeste;2;4;0;0;8;0;0
Sudeste;2;4;0;0;5;0;0
Sudeste;2;4;0;0;16;0;0
Sudeste;2;4;0;0;4;1;0
Sudeste;2;4;0;0;19;5;0
Sudeste;2;4;0;0;67;0;0
Sudeste;2;4;0;0;0;1;0
Sudeste;2;4;0;0;7;0;0
Sudeste;2;4;0;0;1;0;0
Sudeste;2;4;0;0;2;0;0
Sudeste;2;4;0;0;0;0;0
Sudeste;2;4;0;0;1;0;0
Sudeste;2;4;0;0;0;2;0
Sudeste;2;4;0;0;53;0;0
Sudeste;2;5;0;0;1;0;0
Sudeste;2;5;0;0;4;4;0
Sudeste;2;5;0;0;4;1;0
Sudeste;2;4;0;0;2;1;0
Sudeste;2;4;0;0;4;0;0
Sudeste;2;4;0;0;0;0;0
Sudeste;2;4;0;0;160;0;0
Sudeste;2;4;0;0;1;0;0
Sudeste;2;4;0;0;1;0;0
Sudeste;2;4;0;0;7;0;0
Sudeste;2;4;0;0;1;0;0
Sudeste;2;4;0;0;2;0;0
Sudeste;2;5;0;0;1;0;0
Sudeste;2;4;0;0;1;0;0
Sudeste;2;4;0;0;1;0;0
Sudeste;2;4;0;0;0;0;0
Sudeste;2;4;0;0;1;0;0
Sudeste;2;4;0;0;2;0;0
Sudeste;2;4;0;0;5;0;0
Sudeste;2;4;0;0;1;0;0
Sudeste;2;4;0;0;2;0;0
Sudeste;2;4;0;0;1;0;0
Sudeste;2;4;0;0;1;0;0
Sudeste;2;4;0;0;1;1;0
Sudeste;2;4;0;0;0;0;0
Sudeste;2;5;0;0;0;0;0
Sudeste;2;4;0;0;1;0;0
Sudeste;2;4;0;0;0;1;0
Sudeste;2;4;0;0;1;0;0
Sudeste;2;4;0;0;1;0;0
Sudeste;2;4;0;0;0;0;0
Sudeste;2;4;0;0;1;1;0
Sudeste;2;4;0;0;0;0;0
Sudeste;2;4;0;0;1;0;0
Sudeste;2;4;0;0;0;0;0
Sudeste;2;4;0;0;1;0;0
Sudeste;2;4;0;0;2;0;0
Sudeste;2;4;0;0;1;0;0
Sudeste;2;4;0;0;2;0;0
Sudeste;2;4;0;0;0;0;0
Sudeste;2;4;0;0;1;0;0
Sudeste;2;4;0;0;1;0;0
Sudeste;2;5;0;0;1;0;0
Sudeste;2;4;0;0;0;0;0
Sudeste;2;4;0;0;1;0;0
Sudeste;2;4;0;0;0;0;0
Sudeste;2;4;0;0;1;0;0
Sudeste;2;4;0;0;0;1;0
Sudeste;2;4;0;0;1;0;0
Sudeste;2;4;0;0;1;0;0
Sudeste;2;4;0;0;0;0;0
Sudeste;2;4;0;0;0;0;0
Sudeste;2;4;0;0;0;0;0
Sudeste;2;4;0;0;1;0;0
Sudeste;2;4;0;0;0;0;0
Sudeste;2;4;0;0;1;0;0
Sudeste;2;4;0;0;1;0;0
Sudeste;2;4;0;0;1;0;0
Sudeste;2;4;0;0;0;0;0
Sudeste;2;4;0;0;1;0;0
Sudeste;2;4;0;0;0;0;0
Sudeste;2;4;0;0;0;0;0
Sudeste;2;4;0;0;0;1;0
Sudeste;2;4;0;0;2;0;0
Sudeste;2;4;0;0;0;0;0
Sudeste;2;4;0;0;1;0;0
Sudeste;2;4;0;0;1;0;0
Sudeste;2;4;0;0;1;0;0
Sudeste;2;4;0;0;1;0;0
Sudeste;2;4;0;0;0;0;0
Sudeste;2;4;0;0;0;0;0
Sudeste;2;4;0;0;1;0;0
Sudeste;2;4;0;0;1;0;0
Sudeste;2;4;0;0;1;0;0
Sudeste;2;4;0;0;0;0;0
Sudeste;2;4;0;0;2;0;0
Sudeste;2;4;0;0;1;0;0
Sudeste;2;4;0;0;1;0;0
Sudeste;2;4;0;0;3;0;0
Sudeste;2;4;0;0;0;0;0
Sudeste;2;4;0;0;1;0;0
Sudeste;2;4;0;0;0;0;0
Sudeste;2;4;0;0;1;0;0
Sudeste;2;4;0;0;1;0;0
Sudeste;2;5;0;0;1;0;0
Sudeste;2;4;0;0;1;0;0
Sudeste;2;4;0;0;0;0;0
Sudeste;2;4;0;0;3;0;0
Sudeste;2;4;0;0;0;0;0
Sudeste;2;4;0;0;2;0;0
Sudeste;2;5;0;0;1;0;0
Sudeste;2;4;0;0;4;2;0
Sudeste;2;4;0;0;9;0;0
Sudeste;2;4;0;0;2;0;0
Sudeste;2;4;0;0;7;2;0
Sudeste;2;4;0;0;3;0;0
Sudeste;2;4;0;0;1;0;0
Sudeste;2;4;0;0;1;0;0
Sudeste;2;4;0;0;3;0;0
Sudeste;2;4;0;0;1;1;0
Sudeste;2;4;0;0;1;0;0
Sudeste;2;5;0;0;2;0;0
Sudeste;2;5;0;0;0;5;0
Sudeste;2;4;0;0;1;0;0
Sudeste;2;4;0;0;1;0;0
Sudeste;2;4;0;0;5;1;0
Sudeste;2;4;0;0;3;1;0
Sudeste;2;4;0;0;6;1;0
Sudeste;2;4;0;0;0;0;0
Sudeste;2;4;0;0;2;0;0
Sudeste;2;4;0;0;1;0;0
Sudeste;2;4;0;0;3;1;0
Sudeste;2;4;0;0;0;0;0
Sudeste;2;5;0;0;1;0;0
Sudeste;2;4;0;0;0;0;0
Sudeste;2;4;0;0;0;1;0
Sudeste;2;4;0;0;0;0;0
Sudeste;2;4;0;0;1;0;0
Sudeste;2;4;0;0;0;1;0
Sudeste;2;4;0;0;1;0;0
Sudeste;2;4;0;0;1;0;0
Sudeste;2;4;0;0;1;0;0
Sudeste;2;4;0;0;1;0;0
Sudeste;2;5;0;0;0;0;0
Sudeste;2;4;0;0;1;0;0
Sudeste;2;4;0;0;1;0;0
Sudeste;2;4;0;0;4;0;0
Sudeste;2;4;0;0;1;0;0
Sudeste;2;4;0;0;1;0;0
Sudeste;2;4;0;0;0;0;0
Sudeste;2;4;0;0;0;0;0
Sudeste;2;4;0;0;3;0;0
Sudeste;2;4;0;0;0;0;0
Sudeste;2;4;0;0;0;0;0
Sudeste;2;4;0;0;1;0;0
Sudeste;2;4;0;0;1;0;0
Sudeste;2;4;0;0;1;0;0
Sudeste;2;4;0;0;1;0;0
Sudeste;2;4;0;0;0;0;0
Sudeste;2;4;0;0;3;0;0
Sudeste;2;4;0;0;1;0;0
Sudeste;2;4;0;0;0;0;0
Sudeste;2;4;0;0;2;0;0
Sudeste;2;5;0;0;1;0;0
Sudeste;2;4;0;0;4;0;0
Sudeste;2;4;0;0;0;0;0
Sudeste;2;4;0;0;0;0;0
Sudeste;2;4;0;0;1;0;0
Sudeste;2;4;0;0;1;0;0
Sudeste;2;4;0;0;1;0;0
Sudeste;2;4;0;0;1;0;0
Sudeste;2;4;0;0;0;0;0
Sudeste;2;4;0;0;1;0;0
Sudeste;2;4;0;0;0;0;0
Sudeste;2;4;0;0;1;0;0
Sudeste;2;5;0;0;1;0;0
Sudeste;2;4;0;0;1;0;0
Sudeste;2;4;0;0;3;0;0
Sudeste;2;4;0;0;0;0;0
Sudeste;2;4;0;0;0;2;0
Sudeste;2;4;0;0;0;1;0
Sudeste;2;4;0;0;0;0;0
Sudeste;2;4;0;0;0;0;0
Sudeste;2;4;0;0;0;0;0
Sudeste;2;4;0;0;1;0;0
Sudeste;2;4;0;0;0;0;0
Sudeste;2;4;0;0;3;0;0
Sudeste;2;4;0;0;1;0;0
Sudeste;2;4;0;0;1;0;0
Sudeste;2;4;0;0;1;0;0
Sudeste;2;4;0;0;1;0;0
Sudeste;2;4;0;0;1;1;0
Sudeste;2;4;0;0;1;0;0
Sudeste;2;4;0;0;1;0;0
Sudeste;2;4;0;0;1;0;0
Sudeste;2;4;0;0;0;0;0
Sudeste;2;4;0;0;0;0;0
Sudeste;2;5;0;0;0;1;0
Sudeste;2;4;0;0;1;0;0
Sudeste;2;4;0;0;0;0;0
Sudeste;2;4;0;0;1;0;0
Sudeste;2;4;0;0;0;0;0
Sudeste;2;4;0;0;1;0;0
Sudeste;2;4;0;0;2;0;0
Sudeste;2;4;0;0;0;1;0
Sudeste;2;4;0;0;0;0;0
Sudeste;2;4;0;0;2;0;0
Sudeste;2;4;0;0;0;0;0
Sudeste;2;4;0;0;2;0;0
Sudeste;2;4;0;0;1;0;0
Sudeste;2;4;0;0;0;0;0
Sudeste;2;4;0;0;0;0;0
Sudeste;2;4;0;0;1;0;0
Sudeste;2;4;0;0;5;0;0
Sudeste;2;4;0;0;1;0;0
Sudeste;2;4;0;0;1;0;0
Sudeste;2;4;0;0;0;0;0
Sudeste;2;4;0;0;0;0;0
Sudeste;2;4;0;0;3;0;0
Sudeste;2;4;0;0;0;0;0
Sudeste;2;4;0;0;0;0;0
Sudeste;2;4;0;0;4;0;0
Sudeste;2;4;0;0;4;0;0
Sudeste;2;4;0;0;0;0;0
Sudeste;2;4;0;0;0;0;0
Sudeste;2;4;0;0;0;0;0
Sudeste;2;4;0;0;1;0;0
Sudeste;2;4;0;0;0;0;0
Sudeste;2;4;0;0;0;1;0
Sudeste;2;4;0;0;0;0;0
Sudeste;2;4;0;0;2;0;0
Sudeste;2;4;0;0;1;0;0
Sudeste;2;4;0;0;1;0;0
Sudeste;2;4;0;0;0;0;0
Sudeste;2;4;0;0;2;0;0
Sudeste;2;4;0;0;1;0;0
Sudeste;2;4;0;0;2;0;0
Sudeste;2;4;0;0;1;0;0
Sudeste;2;4;0;0;1;0;0
Sudeste;2;4;0;0;1;0;0
Sudeste;2;4;0;0;0;0;0
Sudeste;2;4;0;0;1;0;0
Sudeste;2;4;0;0;1;0;0
Sudeste;2;5;0;0;1;0;0
Sudeste;2;4;0;0;1;0;0
Sudeste;2;4;0;0;1;1;0
Sudeste;2;4;0;0;1;0;0
Sudeste;2;5;0;0;1;0;0
Sudeste;2;4;0;0;2;0;0
Sudeste;2;4;0;0;0;0;0
Sudeste;2;4;0;0;1;0;0
Sudeste;2;4;0;0;0;0;0
Sudeste;2;4;0;0;1;0;0
Sudeste;2;5;0;0;1;0;0
Sudeste;2;5;0;0;0;0;0
Sudeste;2;4;0;0;0;0;0
Sudeste;2;4;0;0;1;0;0
Sudeste;2;4;0;0;0;0;0
Sudeste;2;4;0;0;1;0;0
Sudeste;2;4;0;0;1;0;0
Sudeste;2;4;0;0;1;0;0
Sudeste;2;4;0;0;0;0;0
Sudeste;2;4;0;0;1;0;0
Sudeste;2;4;0;0;1;0;0
Sudeste;2;4;0;0;1;0;0
Sudeste;2;5;0;0;1;0;0
Sudeste;2;4;0;0;1;0;0
Sudeste;2;4;0;0;1;0;0
Sudeste;2;4;0;0;0;0;0
Sudeste;2;4;0;0;0;0;0
Sudeste;2;4;0;0;1;0;0
Sudeste;2;4;0;0;0;0;0
Sudeste;2;4;0;0;0;0;0
Sudeste;2;4;0;0;1;0;0
Sudeste;2;4;0;0;1;0;0
Sudeste;2;4;0;0;2;1;0
Sudeste;2;4;0;0;4;2;0
Sudeste;2;4;0;0;3;0;0
Sudeste;2;4;0;0;4;0;0
Sudeste;2;4;0;0;2;0;0
Sudeste;2;4;0;0;4;2;0
Sudeste;2;4;0;0;1;0;0
Sudeste;2;4;0;0;2;0;0
Sudeste;2;4;0;0;3;0;0
Sudeste;2;5;0;0;0;1;0
Sudeste;2;5;0;0;0;0;0
Sudeste;2;4;0;0;1;0;0
Sudeste;2;4;0;0;0;0;0
Sudeste;2;4;0;0;2;0;0
Sudeste;2;4;0;0;1;0;0
Sudeste;2;4;0;0;2;1;0
Sudeste;2;4;0;0;3;0;0
Sudeste;2;4;0;0;1;0;0
Sudeste;2;4;0;0;4;0;0
Sudeste;2;4;0;0;2;1;0
Sudeste;2;4;0;0;10;3;0
Sudeste;2;4;0;0;1;0;0
Sudeste;2;4;0;0;0;0;0
Sudeste;2;4;0;0;1;0;0
Sudeste;2;5;0;0;0;0;0
Sudeste;2;4;0;0;0;0;0
Sudeste;2;5;0;0;1;0;0
Sudeste;2;4;0;0;1;0;0
Sudeste;2;4;0;0;2;0;0
Sudeste;2;4;0;0;1;1;0
Sudeste;2;4;0;0;1;0;0
Sudeste;2;4;0;0;0;0;0
Sudeste;2;4;0;0;1;0;0
Sudeste;2;4;0;0;2;0;0
Sudeste;2;4;0;0;0;0;0
Sudeste;2;4;0;0;1;0;0
Sudeste;2;4;0;0;5;0;0
Sudeste;2;4;0;0;1;0;0
Sudeste;2;4;0;0;1;1;0
Sudeste;2;4;0;0;0;0;0
Sudeste;2;4;0;0;2;0;0
Sudeste;2;4;0;0;0;0;0
Sudeste;2;4;0;0;0;0;0
Sudeste;2;4;0;0;2;0;0
Sudeste;2;4;0;0;0;0;0
Sudeste;2;4;0;0;2;0;0
Sudeste;2;4;0;0;0;0;0
Sudeste;2;4;0;0;1;1;0
Sudeste;2;4;0;0;0;0;0
Sudeste;2;4;0;0;1;0;0
Sudeste;2;4;0;0;0;0;0
Sudeste;2;4;0;0;0;0;0
Sudeste;2;4;0;0;1;0;0
Sudeste;2;4;0;0;1;0;0
Sudeste;2;4;0;0;1;0;0
Sudeste;2;4;0;0;1;0;0
Sudeste;2;4;0;0;1;0;0
Sudeste;2;4;0;0;0;0;0
Sudeste;2;4;0;0;1;0;0
Sudeste;2;4;0;0;2;0;0
Sudeste;2;4;0;0;0;0;0
Sudeste;2;4;0;0;2;0;0
Sudeste;2;4;0;0;1;0;0
Sudeste;2;4;0;0;1;0;0
Sudeste;2;4;0;0;0;0;0
Sudeste;2;4;0;0;0;1;0
Sudeste;2;4;0;0;0;0;0
Sudeste;2;4;0;0;2;0;0
Sudeste;2;4;0;0;5;1;0
Sudeste;2;4;0;0;0;1;0
Sudeste;2;4;0;0;3;0;0
Sudeste;2;4;0;0;1;0;0
Sudeste;2;5;0;0;1;0;0
Sudeste;2;4;0;0;4;0;0
Sudeste;2;4;0;0;3;0;0
Sudeste;2;4;0;0;3;0;0
Sudeste;2;4;0;0;0;1;0
Sudeste;2;4;0;0;0;0;0
Sudeste;2;4;0;0;3;0;0
Sudeste;2;4;0;0;0;1;0
Sudeste;2;4;0;0;1;0;0
Sudeste;2;4;0;0;0;0;0
Sudeste;2;4;0;0;2;0;0
Sudeste;2;4;0;0;1;0;0
Sudeste;2;4;0;0;0;0;0
Sudeste;2;4;0;0;0;0;0
Sudeste;2;4;0;0;1;0;0
Sudeste;2;4;0;0;0;0;0
Sudeste;2;4;0;0;0;0;0
Sudeste;2;5;0;0;8;3;0
Sudeste;2;4;0;0;1;0;0
Sudeste;2;4;0;0;0;0;0
Sudeste;2;4;0;0;1;0;0
Sudeste;2;4;0;0;1;0;0
Sudeste;2;4;0;0;1;0;0
Sudeste;2;5;0;0;1;0;0
Sudeste;2;4;0;0;0;0;0
Sudeste;2;4;0;0;0;0;0
Sudeste;2;4;0;0;1;0;0
Sudeste;2;4;0;0;5;0;0
Sudeste;2;4;0;0;2;0;0
Sudeste;2;4;0;0;1;0;0
Sudeste;2;4;0;0;0;0;0
Sudeste;2;4;0;0;3;0;0
Sudeste;2;4;0;0;1;0;0
Sudeste;2;4;0;0;1;0;0
Sudeste;2;4;0;0;1;0;0
Sudeste;2;4;0;0;0;0;0
Sudeste;2;4;0;0;0;0;0
Sudeste;2;4;0;0;1;0;0
Sudeste;2;4;0;0;1;0;0
Sudeste;2;4;0;0;0;0;0
Sudeste;2;4;0;0;1;0;0
Sudeste;2;4;0;0;2;0;0
Sudeste;2;4;0;0;2;1;0
Sudeste;2;4;0;0;0;0;0
Sudeste;2;4;0;0;0;1;0
Sudeste;2;4;0;0;1;0;0
Sudeste;2;4;0;0;1;0;0
Sudeste;2;5;0;0;1;0;0
Sudeste;2;4;0;0;1;0;0
Sudeste;2;4;0;0;1;0;0
Sudeste;2;4;0;0;1;0;0
Sudeste;2;5;0;0;1;0;0
Sudeste;2;5;0;0;1;0;0
Sudeste;2;4;0;0;1;0;0
Sudeste;2;4;0;0;0;1;0
Sudeste;2;4;0;0;1;0;0
Sudeste;2;4;0;0;0;0;0
Sudeste;2;4;0;0;0;0;0
Sudeste;2;4;0;0;1;1;0
Sudeste;2;4;0;0;1;0;0
Sudeste;2;4;0;0;1;0;0
Sudeste;2;4;0;0;0;0;0
Sudeste;2;4;0;0;0;0;0
Sudeste;2;4;0;0;1;0;0
Sudeste;2;4;0;0;0;0;0
Sudeste;2;4;0;0;1;0;0
Sudeste;2;4;0;0;0;0;0
Sudeste;2;4;0;0;0;0;0
Sudeste;2;4;0;0;1;0;0
Sudeste;2;4;0;0;0;0;0
Sudeste;2;4;0;0;2;0;0
Sudeste;2;4;0;0;1;1;0
Sudeste;2;4;0;0;1;0;0
Sudeste;2;5;0;0;1;0;0
Sudeste;2;4;0;0;0;0;0
Sudeste;2;4;0;0;0;0;0
Sudeste;2;4;0;0;0;0;0
Sudeste;2;4;0;0;1;0;0
Sudeste;2;4;0;0;1;0;0
Sudeste;2;4;0;0;0;1;0
Sudeste;2;4;0;0;3;0;0
Sudeste;2;4;0;0;1;0;0
Sudeste;2;4;0;0;1;0;0
Sudeste;2;4;0;0;4;1;0
Sudeste;2;4;0;0;0;0;0
Sudeste;2;4;0;0;1;1;0
Sudeste;2;4;0;0;2;0;0
Sudeste;2;4;0;0;1;0;0
Sudeste;2;4;0;0;2;0;0
Sudeste;2;4;0;0;1;0;0
Sudeste;2;4;0;0;1;0;0
Sudeste;2;4;0;0;0;0;0
Sudeste;2;4;0;0;0;0;0
Sudeste;2;4;0;0;1;1;0
Sudeste;2;4;0;0;5;0;0
Sudeste;2;5;0;0;0;0;0
Sudeste;2;4;0;0;1;0;0
Sudeste;2;4;0;0;1;0;0
Sudeste;2;4;0;0;4;0;0
Sudeste;2;4;0;0;3;0;0
Sudeste;2;4;0;0;1;0;0
Sudeste;2;4;0;0;1;0;0
Sudeste;2;4;0;0;2;0;0
Sudeste;2;4;0;0;1;0;0
Sudeste;2;4;0;0;1;0;0
Sudeste;2;4;0;0;0;0;0
Sudeste;2;4;0;0;3;0;0
Sudeste;2;4;0;0;2;0;0
Sudeste;2;4;0;0;1;0;0
Sudeste;2;4;0;0;1;0;0
Sudeste;2;4;0;0;2;1;0
Sudeste;2;4;0;0;0;0;0
Sudeste;2;4;0;0;0;0;0
Sudeste;2;5;0;0;1;0;0
Sudeste;2;4;0;0;1;0;0
Sudeste;2;4;0;0;0;0;0
Sudeste;2;4;0;0;2;0;0
Sudeste;2;4;0;0;1;0;0
Sudeste;2;4;0;0;0;0;0
Sudeste;2;4;0;0;0;0;0
Sudeste;2;4;0;0;0;0;0
Sudeste;2;4;0;0;1;0;0
Sudeste;2;4;0;0;0;0;0
Sudeste;2;4;0;0;1;0;0
Sudeste;2;4;0;0;1;0;0
Sudeste;2;4;0;0;1;0;0
Sudeste;2;4;0;0;2;0;0
Sudeste;2;4;0;0;1;0;0
Sudeste;2;4;0;0;0;0;0
Sudeste;2;4;0;0;1;0;0
Sudeste;2;4;0;0;0;1;0
Sudeste;2;4;0;0;1;0;0
Sudeste;2;4;0;0;0;0;0
Sudeste;2;4;0;0;1;0;0
Sudeste;2;4;0;0;1;0;0
Sudeste;2;4;0;0;3;0;0
Sudeste;2;4;0;0;1;1;0
Sudeste;2;4;0;0;1;0;0
Sudeste;2;4;0;0;10;1;0
Sudeste;2;4;0;0;0;0;0
Sudeste;2;4;0;0;3;0;0
Sudeste;2;4;0;0;2;1;0
Sudeste;2;4;0;0;2;0;0
Sudeste;2;4;0;0;0;0;0
Sudeste;2;4;0;0;0;0;0
Sudeste;2;4;0;0;1;0;0
Sudeste;2;4;0;0;1;0;0
Sudeste;2;4;0;0;2;0;0
Sudeste;2;4;0;0;1;0;0
Sudeste;2;4;0;0;1;0;0
Sudeste;2;4;0;0;0;0;0
Sudeste;2;4;0;0;0;0;0
Sudeste;2;4;0;0;2;0;0
Sudeste;2;4;0;0;2;0;0
Sudeste;2;4;0;0;0;0;0
Sudeste;2;4;0;0;0;0;0
Sudeste;2;4;0;0;1;0;0
Sudeste;2;4;0;0;0;0;0
Sudeste;2;4;0;0;1;0;0
Sudeste;2;4;0;0;0;0;0
Sudeste;2;5;0;0;0;0;0
Sudeste;2;4;0;0;0;0;0
Sudeste;2;4;0;0;0;0;0
Sudeste;2;4;0;0;1;0;0
Sudeste;2;4;0;0;0;0;0
Sudeste;2;4;0;0;1;0;0
Sudeste;2;4;0;0;1;0;0
Sudeste;2;4;0;0;0;0;0
Sudeste;2;4;0;0;1;0;0
Sudeste;2;4;0;0;0;0;0
Sudeste;2;4;0;0;1;0;0
Sudeste;2;4;0;0;0;1;0
Sudeste;2;4;0;0;1;0;0
Sudeste;2;4;0;0;1;0;0
Sudeste;2;4;0;0;0;0;0
Sudeste;2;4;0;0;1;0;0
Sudeste;2;4;0;0;1;0;0
Sudeste;2;4;0;0;0;0;0
Sudeste;2;5;0;0;10;0;0
Sudeste;2;4;0;0;2;0;0
Sudeste;2;4;0;0;0;0;0
Sudeste;2;4;0;0;1;0;0
Sudeste;2;4;0;0;0;0;0
Sudeste;2;4;0;0;2;0;0
Sudeste;2;4;0;0;1;0;0
Sudeste;2;4;0;0;0;1;0
Sudeste;2;4;0;0;1;0;0
Sudeste;2;4;0;0;3;1;0
Sudeste;2;4;0;0;0;0;0
Sudeste;2;5;0;0;3;0;0
Sudeste;2;4;0;0;4;0;0
Sudeste;2;4;0;0;4;0;0
Sudeste;2;4;0;0;2;0;0
Sudeste;2;4;0;0;3;0;0
Sudeste;2;4;0;0;0;0;0
Sudeste;2;4;0;0;14;1;0
Sudeste;2;4;0;0;5;0;0
Sudeste;2;4;0;0;4;0;0
Sudeste;2;4;0;0;1;0;0
Sudeste;2;4;0;0;1;0;0
Sudeste;2;4;0;0;2;0;0
Sudeste;2;4;0;0;1;0;0
Sudeste;2;4;0;0;2;0;0
Sudeste;2;5;0;0;9;0;0
Sudeste;2;5;0;0;1;0;0
Sudeste;2;5;0;0;1;0;0
Sudeste;2;5;0;0;0;1;0
Sudeste;2;4;0;0;2;0;0
Sudeste;2;4;0;0;5;0;0
Sudeste;2;4;0;0;4;1;0
Sudeste;2;4;0;0;0;0;0
Sudeste;2;4;0;0;0;0;0
Sudeste;2;4;0;0;1;0;0
Sudeste;2;4;0;0;2;0;0
Sudeste;2;4;0;0;3;0;0
Sudeste;2;4;0;0;13;1;0
Sudeste;2;4;0;0;4;0;0
Sudeste;2;4;0;0;25;3;0
Sudeste;2;4;0;0;2;1;0
Sudeste;2;4;0;0;0;0;0
Sudeste;2;4;0;0;15;0;0
Sudeste;2;5;0;0;1;0;0
Sudeste;2;4;0;0;2;1;0
Sudeste;2;4;0;0;0;0;0
Sudeste;2;4;0;0;1;0;0
Sudeste;2;4;0;0;0;0;0
Sudeste;2;4;0;0;2;0;0
Sudeste;2;4;0;0;0;0;0
Sudeste;2;4;0;0;1;0;0
Sudeste;2;4;0;0;1;0;0
Sudeste;2;4;0;0;1;0;0
Sudeste;2;4;0;0;1;0;0
Sudeste;2;4;0;0;1;0;0
Sudeste;2;4;0;0;3;0;0
Sudeste;2;4;0;0;2;0;0
Sudeste;2;4;0;0;1;0;0
Sudeste;2;4;0;0;2;0;0
Sudeste;2;4;0;0;1;1;0
Sudeste;2;4;0;0;1;0;0
Sudeste;2;4;0;0;1;0;0
Sudeste;2;4;0;0;1;0;0
Sudeste;2;4;0;0;1;0;0
Sudeste;2;4;0;0;4;0;0
Sudeste;2;5;0;0;1;0;0
Sudeste;2;4;0;0;2;0;0
Sudeste;2;4;0;0;2;0;0
Sudeste;2;4;0;0;0;0;0
Sudeste;2;4;0;0;0;0;0
Sudeste;2;4;0;0;2;0;0
Sudeste;2;4;0;0;1;0;0
Sudeste;2;4;0;0;0;0;0
Sudeste;2;4;0;0;1;0;0
Sudeste;2;4;0;0;0;0;0
Sudeste;2;4;0;0;1;0;0
Sudeste;2;4;0;0;1;0;0
Sudeste;2;4;0;0;0;0;0
Sudeste;2;4;0;0;0;0;0
Sudeste;2;4;0;0;0;0;0
Sudeste;2;4;0;0;0;0;0
Sudeste;2;4;0;0;1;0;0
Sudeste;2;4;0;0;1;0;0
Sudeste;2;4;0;0;1;1;0
Sudeste;2;4;0;0;0;1;0
Sudeste;2;4;0;0;0;1;0
Sudeste;2;4;0;0;1;1;0
Sudeste;2;4;0;0;0;0;0
Sudeste;2;4;0;0;1;0;0
Sudeste;2;4;0;0;1;0;0
Sudeste;2;4;0;0;0;1;0
Sudeste;2;4;0;0;2;0;0
Sudeste;2;4;0;0;1;1;0
Sudeste;2;4;0;0;1;0;0
Sudeste;2;4;0;0;1;2;0
Sudeste;2;4;0;0;1;0;0
Sudeste;2;4;0;0;0;0;0
Sudeste;2;4;0;0;0;0;0
Sudeste;2;4;0;0;1;0;0
Sudeste;2;4;0;0;0;0;0
Sudeste;2;4;0;0;1;0;0
Sudeste;2;4;0;0;1;0;0
Sudeste;2;4;0;0;3;0;0
Sudeste;2;4;0;0;2;0;0
Sudeste;2;4;0;0;0;1;0
Sudeste;2;4;0;0;1;0;0
Sudeste;2;4;0;0;1;0;0
Sudeste;2;4;0;0;1;0;0
Sudeste;2;4;0;0;2;0;0
Sudeste;2;4;0;0;1;0;0
Sudeste;2;4;0;0;1;0;0
Sudeste;2;4;0;0;0;0;0
Sudeste;2;4;0;0;1;0;0
Sudeste;2;4;0;0;0;0;0
Sudeste;2;4;0;0;0;0;0
Sudeste;2;4;0;0;2;1;0
Sudeste;2;4;0;0;5;0;0
Sudeste;2;4;0;0;1;0;0
Sudeste;2;4;0;0;0;0;0
Sudeste;2;4;0;0;0;0;0
Sudeste;2;4;0;0;2;0;0
Sudeste;2;4;0;0;0;0;0
Sudeste;2;4;0;0;1;0;0
Sudeste;2;4;0;0;2;0;0
Sudeste;2;4;0;0;0;0;0
Sudeste;2;4;0;0;1;0;0
Sudeste;2;4;0;0;0;0;0
Sudeste;2;4;0;0;3;0;0
Sudeste;2;4;0;0;3;0;0
Sudeste;2;4;0;0;1;0;0
Sudeste;2;4;0;0;2;0;0
Sudeste;2;4;0;0;2;0;0
Sudeste;2;4;0;0;1;0;0
Sudeste;2;4;0;0;1;0;0
Sudeste;2;4;0;0;1;0;0
Sudeste;2;4;0;0;2;0;0
Sudeste;2;4;0;0;2;0;0
Sudeste;2;4;0;0;0;0;0
Sudeste;2;4;0;0;0;1;0
Sudeste;2;4;0;0;0;0;0
Sudeste;2;4;0;0;1;0;0
Sudeste;2;4;0;0;0;0;0
Sudeste;2;4;0;0;1;1;0
Sudeste;2;4;0;0;0;0;0
Sudeste;2;4;0;0;1;0;0
Sudeste;2;4;0;0;0;1;0
Sudeste;2;4;0;0;3;0;0
Sudeste;2;4;0;0;9;0;0
Sudeste;2;4;0;0;2;0;0
Sudeste;2;4;0;0;0;0;0
Sudeste;2;4;0;0;1;0;0
Sudeste;2;4;0;0;0;0;0
Sudeste;2;4;0;0;2;0;0
Sudeste;2;4;0;0;3;0;0
Sudeste;2;4;0;0;1;0;0
Sudeste;2;4;0;0;1;0;0
Sudeste;2;4;0;0;2;1;0
Sudeste;2;4;0;0;0;0;0
Sudeste;2;4;0;0;0;0;0
Sudeste;2;4;0;0;1;0;0
Sudeste;2;4;0;0;1;0;0
Sudeste;2;4;0;0;0;0;0
Sudeste;2;4;0;0;3;0;0
Sudeste;2;4;0;0;1;0;0
Sudeste;2;4;0;0;2;0;0
Sudeste;2;4;0;0;6;4;0
Sudeste;2;4;0;0;11;2;0
Sudeste;2;4;0;0;0;0;0
Sudeste;2;4;0;0;1;1;0
Sudeste;2;4;0;0;1;0;0
Sudeste;2;4;0;0;6;0;0
Sudeste;2;4;0;0;2;0;0
Sudeste;2;4;0;0;1;0;0
Sudeste;2;4;0;0;2;0;0
Sudeste;2;5;0;0;1;0;0
Sudeste;2;5;0;0;1;0;0
Sudeste;2;4;0;0;4;1;0
Sudeste;2;4;0;0;2;0;0
Sudeste;2;4;0;0;1;0;0
Sudeste;2;4;0;0;4;0;0
Sudeste;2;4;0;0;2;0;0
Sudeste;2;4;0;0;4;1;0
Sudeste;2;4;0;0;0;0;0
Sudeste;2;4;0;0;0;0;0
Sudeste;2;4;0;0;1;0;0
Sudeste;2;4;0;0;1;0;0
Sudeste;2;4;0;0;1;0;0
Sudeste;2;4;0;0;1;0;0
Sudeste;2;4;0;0;0;1;0
Sudeste;2;4;0;0;3;0;0
Sudeste;2;4;0;0;6;0;0
Sudeste;2;4;0;0;2;0;0
Sudeste;2;4;0;0;1;0;0
Sudeste;2;4;0;0;1;0;0
Sudeste;2;4;0;0;0;0;0
Sudeste;2;4;0;0;1;0;0
Sudeste;2;4;0;0;0;1;0
Sudeste;2;4;0;0;3;0;0
Sudeste;2;4;0;0;1;0;0
Sudeste;2;4;0;0;1;0;0
Sudeste;2;4;0;0;3;0;0
Sudeste;2;4;0;0;1;0;0
Sudeste;2;4;0;0;1;0;0
Sudeste;2;4;0;0;2;0;0
Sudeste;2;4;0;0;3;0;0
Sudeste;2;4;0;0;1;0;0
Sudeste;2;4;0;0;0;0;0
Sudeste;2;4;0;0;2;0;0
Sudeste;2;4;0;0;1;0;0
Sudeste;2;4;0;0;1;0;0
Sudeste;2;4;0;0;0;0;0
Sudeste;2;4;0;0;0;0;0
Sudeste;2;4;0;0;1;0;0
Sudeste;2;4;0;0;0;0;0
Sudeste;2;4;0;0;1;0;0
Sudeste;2;4;0;0;1;0;0
Sudeste;2;4;0;0;1;0;0
Sudeste;2;4;0;0;3;0;0
Sudeste;2;4;0;0;1;0;0
Sudeste;2;4;0;0;2;0;0
Sudeste;2;4;0;0;0;1;0
Sudeste;2;4;0;0;1;0;0
Sudeste;2;4;0;0;1;1;0
Sudeste;2;4;0;0;1;0;0
Sudeste;2;4;0;0;0;0;0
Sudeste;2;4;0;0;5;3;0
Sudeste;2;4;0;0;0;1;0
Sudeste;2;4;0;0;1;1;0
Sudeste;2;4;0;0;3;0;0
Sudeste;2;4;0;0;0;0;0
Sudeste;2;4;0;0;1;0;0
Sudeste;2;4;0;0;0;0;0
Sudeste;2;4;0;0;1;0;0
Sudeste;2;4;0;0;1;0;0
Sudeste;2;4;0;0;0;0;0
Sudeste;2;4;0;0;1;0;0
Sudeste;2;4;0;0;1;1;0
Sudeste;2;4;0;0;1;1;0
Sudeste;2;4;0;0;2;0;0
Sudeste;2;4;0;0;0;0;0
Sudeste;2;4;0;0;0;0;0
Sudeste;2;4;0;0;1;0;0
Sudeste;2;4;0;0;1;0;0
Sudeste;2;4;0;0;2;0;0
Sudeste;2;4;0;0;1;0;0
Sudeste;2;4;0;0;1;0;0
Sudeste;2;4;0;0;0;0;0
Sudeste;2;4;0;0;0;0;0
Sudeste;2;4;0;0;1;1;0
Sudeste;2;4;0;0;1;0;0
Sudeste;2;4;0;0;1;0;0
Sudeste;2;4;0;0;1;0;0
Sudeste;2;4;0;0;0;0;0
Sudeste;2;4;0;0;1;0;0
Sudeste;2;4;0;0;0;0;0
Sudeste;2;4;0;0;1;0;0
Sudeste;2;4;0;0;6;0;0
Sudeste;2;4;0;0;1;0;0
Sudeste;2;4;0;0;1;0;0
Sudeste;2;4;0;0;0;0;0
Sudeste;2;4;0;0;1;0;0
Sudeste;2;4;0;0;2;0;0
Sudeste;2;4;0;0;1;0;0
Sudeste;2;4;0;0;1;0;0
Sudeste;2;4;0;0;0;0;0
Sudeste;2;4;0;0;1;0;0
Sudeste;2;4;0;0;1;0;0
Sudeste;2;4;0;0;5;1;0
Sudeste;2;4;0;0;22;3;0
Sudeste;2;4;0;0;1;0;0
Sudeste;2;4;0;0;0;2;0
Sudeste;2;4;0;0;1;0;0
Sudeste;2;4;0;0;10;2;0
Sudeste;2;4;0;0;1;1;0
Sudeste;2;4;0;0;0;0;0
Sudeste;2;4;0;0;1;0;0
Sudeste;2;4;0;0;2;0;0
Sudeste;2;5;0;0;1;0;0
Sudeste;2;4;0;0;2;0;0
Sudeste;2;4;0;0;1;0;0
Sudeste;2;4;0;0;0;0;0
Sudeste;2;4;0;0;8;0;0
Sudeste;2;4;0;0;4;0;0
Sudeste;2;4;0;0;1;0;0
Sudeste;2;4;0;0;2;1;0
Sudeste;2;4;0;0;12;2;0
Sudeste;2;4;0;0;1;0;0
Sudeste;2;4;0;0;1;0;0
Sudeste;2;4;0;0;3;0;0
Sudeste;2;4;0;0;1;0;0
Sudeste;2;4;0;0;5;1;0
Sudeste;2;5;0;0;0;0;0
Sudeste;2;5;0;0;1;0;0
Sudeste;2;5;0;0;0;0;0
Sudeste;2;4;0;0;1;1;0
Sudeste;2;4;0;0;2;0;0
Sudeste;2;4;0;0;0;0;0
Sudeste;2;4;0;0;0;0;0
Sudeste;2;4;0;0;1;0;0
Sudeste;2;5;0;0;0;1;0
Sudeste;2;5;0;0;2;0;0
Sudeste;2;4;0;0;1;0;0
Sudeste;2;4;0;0;0;0;0
Sudeste;2;4;0;0;1;0;0
Sudeste;2;4;0;0;0;0;0
Sudeste;2;4;0;0;6;3;0
Sudeste;2;4;0;0;18;2;0
Sudeste;2;4;0;0;0;0;0
Sudeste;2;4;0;0;4;0;0
Sudeste;2;4;0;0;0;0;0
Sudeste;2;4;0;0;9;0;0
Sudeste;2;4;0;0;2;0;0
Sudeste;2;4;0;0;7;0;0
Sudeste;2;4;0;0;1;0;0
Sudeste;2;4;0;0;1;0;0
Sudeste;2;4;0;0;1;0;0
Sudeste;2;4;0;0;3;0;0
Sudeste;2;4;0;0;1;0;0
Sudeste;2;4;0;0;0;0;0
Sudeste;2;4;0;0;1;1;0
Sudeste;2;4;0;0;2;0;0
Sudeste;2;4;0;0;1;0;0
Sudeste;2;4;0;0;4;1;0
Sudeste;2;4;0;0;3;1;0
Sudeste;2;4;0;0;1;1;0
Sudeste;2;4;0;0;2;0;0
Sudeste;2;5;0;0;1;0;0
Sudeste;2;5;0;0;1;2;0
Sudeste;2;4;0;0;0;0;0
Sudeste;2;4;0;0;1;0;0
Sudeste;2;4;0;0;1;1;0
Sudeste;2;4;0;0;3;0;0
Sudeste;2;4;0;0;16;1;0
Sudeste;2;4;0;0;0;1;0
Sudeste;2;4;0;0;4;0;0
Sudeste;2;4;0;0;0;0;0
Sudeste;2;4;0;0;3;0;0
Sudeste;2;4;0;0;1;1;0
Sudeste;2;5;0;0;1;0;0
Sudeste;2;4;0;0;2;1;0
Sudeste;2;4;0;0;0;0;0
Sudeste;2;4;0;0;0;0;0
Sudeste;2;4;0;0;0;0;0
Sudeste;2;4;0;0;2;0;0
Sudeste;2;5;0;0;2;0;0
Sudeste;2;5;0;0;1;0;0
Sudeste;2;4;0;0;1;0;0
Sudeste;2;5;0;0;1;0;0
Sudeste;2;4;0;0;1;0;0
Sudeste;2;4;0;0;1;0;0
Sudeste;2;4;0;0;1;0;0
Sudeste;2;4;0;0;1;0;0
Sudeste;2;4;0;0;1;0;0
Sudeste;2;4;0;0;0;0;0
Sudeste;2;4;0;0;1;1;0
Sudeste;2;4;0;0;5;0;0
Sudeste;2;4;0;0;1;1;0
Sudeste;2;4;0;0;1;0;0
Sudeste;2;4;0;0;1;0;0
Sudeste;2;4;0;0;0;0;0
Sudeste;2;4;0;0;1;0;0
Sudeste;2;4;0;0;0;0;0
Sudeste;2;4;0;0;0;0;0
Sudeste;2;5;0;0;1;0;0
Sudeste;2;4;0;0;2;0;0
Sudeste;2;4;0;0;1;0;0
Sudeste;2;4;0;0;0;0;0
Sudeste;2;4;0;0;1;0;0
Sudeste;2;4;0;0;2;2;0
Sudeste;2;4;0;0;0;0;0
Sudeste;2;4;0;0;1;0;0
Sudeste;2;4;0;0;1;0;0
Sudeste;2;4;0;0;0;0;0
Sudeste;2;4;0;0;1;0;0
Sudeste;2;4;0;0;1;0;0
Sudeste;2;4;0;0;1;0;0
Sudeste;2;4;0;0;3;0;0
Sudeste;2;4;0;0;1;0;0
Sudeste;2;5;0;0;0;1;0
Sudeste;1;4;392;120;50;0;264
Sudeste;1;4;302;120;0;0;243
Sudeste;1;4;0;0;0;2;0
Sudeste;1;5;90;80;41;15;207
Sudeste;2;4;0;0;91;42;0
Sudeste;2;4;0;0;274;41;0
Sudeste;2;4;0;0;9;3;0
Sudeste;2;4;0;0;26;8;0
Sudeste;2;4;0;0;7;1;0
Sudeste;2;4;0;0;31;1;0
Sudeste;2;4;0;0;13;0;0
Sudeste;2;4;0;0;0;0;0
Sudeste;2;4;0;0;3;0;0
Sudeste;2;4;0;0;1;0;0
Sudeste;2;4;0;0;3;0;0
Sudeste;2;4;0;0;0;0;0
Sudeste;2;4;0;0;0;2;0
Sudeste;2;4;0;0;0;0;0
Sudeste;2;4;0;0;0;0;0
Sudeste;2;4;0;0;4;0;0
Sudeste;2;4;0;0;35;2;0
Sudeste;2;5;0;0;2;0;0
Sudeste;2;5;0;0;2;0;0
Sudeste;2;5;0;0;0;0;0
Sudeste;2;5;0;0;3;0;0
Sudeste;2;5;0;0;11;0;0
Sudeste;2;5;0;0;4;0;0
Sudeste;2;5;0;0;0;1;0
Sudeste;2;4;0;0;1;1;0
Sudeste;2;4;0;0;2;0;0
Sudeste;2;4;0;0;4;0;0
Sudeste;2;4;0;0;0;0;0
Sudeste;2;4;0;0;1;0;0
Sudeste;2;4;0;0;0;0;0
Sudeste;2;4;0;0;1;0;0
Sudeste;2;4;0;0;57;36;0
Sudeste;2;4;0;0;4;0;0
Sudeste;2;4;0;0;19;0;0
Sudeste;2;4;0;0;11;0;0
Sudeste;2;4;0;0;1;1;0
Sudeste;2;4;0;0;6;3;0
Sudeste;2;4;0;0;12;0;0
Sudeste;2;4;0;0;16;2;0
Sudeste;2;4;0;0;8;0;0
Sudeste;2;4;0;0;7;0;0
Sudeste;2;4;0;0;38;2;0
Sudeste;2;4;0;0;9;1;0
Sudeste;2;4;0;0;15;8;0
Sudeste;2;4;0;0;1;0;0
Sudeste;2;4;0;0;68;0;0
Sudeste;2;4;0;0;2;0;0
Sudeste;2;4;0;0;4;1;0
Sudeste;2;4;0;0;1;0;0
Sudeste;2;4;0;0;3;2;0
Sudeste;2;4;0;0;3;0;0
Sudeste;2;4;0;0;1;0;0
Sudeste;2;4;0;0;1;1;0
Sudeste;2;4;0;0;2;0;0
Sudeste;2;4;0;0;155;0;0
Sudeste;2;5;0;0;1;1;0
Sudeste;2;5;0;0;4;0;0
Sudeste;2;5;0;0;7;3;0
Sudeste;2;4;0;0;7;11;0
Sudeste;2;4;0;0;39;3;0
Sudeste;2;4;0;0;39;0;0
Sudeste;2;4;0;0;5;0;0
Sudeste;2;4;0;0;0;0;0
Sudeste;2;4;0;0;1;0;0
Sudeste;2;4;0;0;1;0;0
Sudeste;2;4;0;0;2;0;0
Sudeste;2;4;0;0;1;0;0
Sudeste;2;4;0;0;2;0;0
Sudeste;2;4;0;0;0;0;0
Sudeste;2;4;0;0;0;0;0
Sudeste;2;4;0;0;0;0;0
Sudeste;2;4;0;0;0;0;0
Sudeste;2;4;0;0;1;0;0
Sudeste;2;4;0;0;6;2;0
Sudeste;2;4;0;0;12;3;0
Sudeste;2;4;0;0;0;0;0
Sudeste;2;4;0;0;1;0;0
Sudeste;2;4;0;0;1;0;0
Sudeste;2;4;0;0;1;2;0
Sudeste;2;4;0;0;1;0;0
Sudeste;2;5;0;0;1;0;0
Sudeste;2;4;0;0;1;0;0
Sudeste;2;4;0;0;2;0;0
Sudeste;2;4;0;0;1;0;0
Sudeste;2;4;0;0;4;0;0
Sudeste;2;4;0;0;2;0;0
Sudeste;2;4;0;0;4;0;0
Sudeste;2;4;0;0;0;0;0
Sudeste;2;4;0;0;0;0;0
Sudeste;2;4;0;0;7;0;0
Sudeste;2;4;0;0;0;0;0
Sudeste;2;4;0;0;1;0;0
Sudeste;2;4;0;0;3;0;0
Sudeste;2;4;0;0;8;1;0
Sudeste;2;4;0;0;3;0;0
Sudeste;2;4;0;0;6;0;0
Sudeste;2;4;0;0;2;0;0
Sudeste;2;4;0;0;5;1;0
Sudeste;2;4;0;0;0;1;0
Sudeste;2;4;0;0;1;0;0
Sudeste;2;4;0;0;0;1;0
Sudeste;2;4;0;0;1;0;0
Sudeste;2;4;0;0;1;0;0
Sudeste;2;4;0;0;1;0;0
Sudeste;2;4;0;0;1;0;0
Sudeste;2;4;0;0;1;0;0
Sudeste;2;4;0;0;1;0;0
Sudeste;2;4;0;0;1;0;0
Sudeste;2;4;0;0;2;0;0
Sudeste;2;4;0;0;5;0;0
Sudeste;2;4;0;0;0;0;0
Sudeste;2;4;0;0;1;0;0
Sudeste;2;4;0;0;0;0;0
Sudeste;2;4;0;0;1;0;0
Sudeste;2;4;0;0;1;0;0
Sudeste;2;4;0;0;2;0;0
Sudeste;2;4;0;0;1;0;0
Sudeste;2;4;0;0;1;0;0
Sudeste;2;4;0;0;0;0;0
Sudeste;2;4;0;0;0;1;0
Sudeste;2;4;0;0;1;0;0
Sudeste;2;4;0;0;1;0;0
Sudeste;2;4;0;0;1;0;0
Sudeste;2;4;0;0;1;0;0
Sudeste;2;4;0;0;1;0;0
Sudeste;2;4;0;0;0;0;0
Sudeste;2;4;0;0;0;0;0
Sudeste;2;4;0;0;1;0;0
Sudeste;2;4;0;0;1;0;0
Sudeste;2;4;0;0;0;0;0
Sudeste;2;4;0;0;1;0;0
Sudeste;2;4;0;0;1;0;0
Sudeste;2;4;0;0;1;2;0
Sudeste;2;4;0;0;4;1;0
Sudeste;2;4;0;0;1;0;0
Sudeste;2;4;0;0;1;0;0
Sudeste;2;4;0;0;1;0;0
Sudeste;2;4;0;0;1;0;0
Sudeste;2;4;0;0;0;0;0
Sudeste;2;4;0;0;2;0;0
Sudeste;2;5;0;0;0;0;0
Sudeste;2;4;0;0;1;0;0
Sudeste;2;4;0;0;1;0;0
Sudeste;2;4;0;0;0;0;0
Sudeste;2;4;0;0;1;0;0
Sudeste;2;4;0;0;1;0;0
Sudeste;2;5;0;0;1;0;0
Sudeste;2;4;0;0;1;0;0
Sudeste;1;2;70;70;67;10;114
Sudeste;2;2;0;0;1;1;0
Sudeste;2;4;0;0;1;0;0
Sudeste;2;4;0;0;1;0;0
Sudeste;2;2;0;0;9;0;0
Sudeste;2;4;0;0;0;0;0
Sudeste;2;2;0;0;7;0;0
Sudeste;2;4;0;0;0;0;0
Sudeste;2;4;0;0;2;0;0
Sudeste;2;2;0;0;5;0;0
Sudeste;2;2;0;0;3;0;0
Sudeste;2;2;0;0;1;1;0
Sudeste;2;2;0;0;32;4;0
Sudeste;2;4;0;0;2;0;0
Sudeste;2;4;0;0;4;0;0
Sudeste;2;4;0;0;1;0;0
Sudeste;2;4;0;0;1;0;0
Sudeste;2;4;0;0;7;2;0
Sudeste;2;4;0;0;2;0;0
Sudeste;2;5;0;0;1;0;0
Sudeste;2;4;0;0;0;1;0
Sudeste;2;4;0;0;2;0;0
Sudeste;2;4;0;0;0;1;0
Sudeste;2;4;0;0;0;1;0
Sudeste;2;4;0;0;3;0;0
Sudeste;2;4;0;0;0;0;0
Sudeste;2;4;0;0;4;1;0
Sudeste;2;4;0;0;0;0;0
Sudeste;2;5;0;0;0;0;0
Sudeste;2;2;0;0;12;0;0
Sudeste;2;4;0;0;0;0;0
Sudeste;2;4;0;0;1;0;0
Sudeste;2;4;0;0;0;0;0
Sudeste;2;2;0;0;6;2;0
Sudeste;2;2;0;0;6;3;0
Sudeste;2;4;0;0;1;0;0
Sudeste;2;4;0;0;1;0;0
Sudeste;2;4;0;0;1;0;0
Sudeste;2;4;0;0;0;0;0
Sudeste;2;4;0;0;0;0;0
Sudeste;2;2;0;0;4;0;0
Sudeste;2;2;0;0;3;1;0
Sudeste;2;4;0;0;1;0;0
Sudeste;2;2;0;0;7;0;0
Sudeste;2;4;0;0;1;0;0
Sudeste;2;5;0;0;0;0;0
Sudeste;2;2;0;0;1;0;0
Sudeste;2;2;0;0;22;4;0
Sudeste;2;4;0;0;3;0;0
Sudeste;2;4;0;0;1;0;0
Sudeste;2;4;0;0;3;0;0
Sudeste;2;4;0;0;0;0;0
Sudeste;2;4;0;0;2;2;0
Sudeste;2;4;0;0;4;0;0
Sudeste;2;4;0;0;3;1;0
Sudeste;2;4;0;0;1;0;0
Sudeste;2;4;0;0;7;0;0
Sudeste;2;5;0;0;0;0;0
Sudeste;2;4;0;0;1;0;0
Sudeste;2;4;0;0;1;1;0
Sudeste;2;4;0;0;2;1;0
Sudeste;2;4;0;0;1;1;0
Sudeste;2;4;0;0;2;0;0
Sudeste;2;4;0;0;5;1;0
Sudeste;2;5;0;0;1;0;0
Sudeste;2;2;0;0;21;2;0
Sudeste;2;4;0;0;1;0;0
Sudeste;2;4;0;0;1;1;0
Sudeste;2;4;0;0;1;0;0
Sudeste;2;4;0;0;2;0;0
Sudeste;2;4;0;0;2;0;0
Sudeste;2;4;0;0;2;0;0
Sudeste;2;4;0;0;3;0;0
Sudeste;2;2;0;0;4;0;0
Sudeste;2;2;0;0;21;4;0
Sudeste;2;4;0;0;1;0;0
Sudeste;2;4;0;0;2;1;0
Sudeste;2;4;0;0;1;0;0
Sudeste;2;4;0;0;4;0;0
Sudeste;2;4;0;0;1;0;0
Sudeste;2;4;0;0;1;0;0
Sudeste;2;4;0;0;1;0;0
Sudeste;2;4;0;0;2;0;0
Sudeste;2;4;0;0;1;0;0
Sudeste;2;4;0;0;3;0;0
Sudeste;2;4;0;0;1;0;0
Sudeste;2;4;0;0;1;0;0
Sudeste;2;4;0;0;3;0;0
Sudeste;2;4;0;0;5;0;0
Sudeste;2;5;0;0;1;0;0
Sudeste;2;2;0;0;4;0;0
Sudeste;2;4;0;0;0;0;0
Sudeste;2;4;0;0;0;0;0
Sudeste;2;4;0;0;1;0;0
Sudeste;2;2;0;0;4;0;0
Sudeste;2;2;0;0;2;0;0
Sudeste;2;2;0;0;5;0;0
Sudeste;2;2;0;0;9;2;0
Sudeste;2;4;0;0;1;0;0
Sudeste;2;4;0;0;1;0;0
Sudeste;2;4;0;0;0;0;0
Sudeste;2;4;0;0;0;0;0
Sudeste;2;2;0;0;17;3;0
Sudeste;2;4;0;0;2;0;0
Sudeste;2;4;0;0;0;0;0
Sudeste;2;4;0;0;0;0;0
Sudeste;2;4;0;0;1;1;0
Sudeste;2;4;0;0;1;0;0
Sudeste;2;5;0;0;1;0;0
Sudeste;2;4;0;0;1;0;0
Sudeste;2;4;0;0;1;0;0
Sudeste;2;2;0;0;18;1;0
Sudeste;2;4;0;0;6;0;0
Sudeste;2;4;0;0;2;0;0
Sudeste;2;4;0;0;1;0;0
Sudeste;2;4;0;0;1;0;0
Sudeste;2;4;0;0;0;0;0
Sudeste;2;4;0;0;0;0;0
Sudeste;2;2;0;0;23;5;0
Sudeste;2;4;0;0;2;0;0
Sudeste;2;4;0;0;1;0;0
Sudeste;2;4;0;0;1;0;0
Sudeste;2;4;0;0;4;0;0
Sudeste;2;4;0;0;5;2;0
Sudeste;2;4;0;0;0;0;0
Sudeste;2;5;0;0;1;0;0
Sudeste;2;5;0;0;0;0;0
Sudeste;2;5;0;0;0;0;0
Sudeste;2;5;0;0;3;0;0
Sudeste;2;4;0;0;2;0;0
Sudeste;2;4;0;0;1;0;0
Sudeste;2;4;0;0;1;0;0
Sudeste;2;4;0;0;1;0;0
Sudeste;2;2;0;0;14;1;0
Sudeste;2;4;0;0;1;0;0
Sudeste;2;4;0;0;0;0;0
Sudeste;2;4;0;0;1;0;0
Sudeste;2;4;0;0;0;0;0
Sudeste;2;2;0;0;5;0;0
Sudeste;2;2;0;0;6;0;0
Sudeste;2;2;0;0;0;0;0
Sudeste;2;2;0;0;7;1;0
Sudeste;2;4;0;0;0;0;0
Sudeste;2;2;0;0;4;0;0
Sudeste;2;4;0;0;1;0;0
Sudeste;2;4;0;0;1;0;0
Sudeste;2;4;0;0;1;0;0
Sudeste;2;4;0;0;0;0;0
Sudeste;2;2;0;0;9;3;0
Sudeste;2;4;0;0;0;0;0
Sudeste;2;4;0;0;1;0;0
Sudeste;2;4;0;0;1;1;0
Sudeste;2;4;0;0;2;0;0
Sudeste;2;4;0;0;1;0;0
Sudeste;2;4;0;0;1;0;0
Sudeste;2;4;0;0;3;0;0
Sudeste;2;5;0;0;0;0;0
Sudeste;2;2;0;0;3;0;0
Sudeste;2;4;0;0;1;0;0
Sudeste;2;4;0;0;1;0;0
Sudeste;2;2;0;0;0;1;0
Sudeste;2;4;0;0;4;1;0
Sudeste;2;4;0;0;4;0;0
Sudeste;2;4;0;0;3;0;0
Sudeste;2;4;0;0;5;0;0
Sudeste;2;4;0;0;1;0;0
Sudeste;2;4;0;0;5;0;0
Sudeste;2;4;0;0;4;2;0
Sudeste;2;4;0;0;10;9;0
Sudeste;2;4;0;0;4;0;0
Sudeste;2;5;0;0;4;1;0
Sudeste;2;5;0;0;4;0;0
Sudeste;2;5;0;0;1;0;0
Sudeste;2;5;0;0;19;0;0
Sudeste;2;4;0;0;0;0;0
Sudeste;2;4;0;0;0;0;0
Sudeste;2;4;0;0;3;0;0
Sudeste;2;4;0;0;1;0;0
Sudeste;2;4;0;0;0;0;0
Sudeste;2;4;0;0;1;0;0
Sudeste;2;4;0;0;4;0;0
Sudeste;2;4;0;0;9;0;0
Sudeste;2;4;0;0;10;0;0
Sudeste;2;4;0;0;16;5;0
Sudeste;2;4;0;0;0;0;0
Sudeste;2;4;0;0;2;0;0
Sudeste;2;4;0;0;0;0;0
Sudeste;2;4;0;0;0;0;0
Sudeste;2;5;0;0;3;1;0
Sudeste;2;2;0;0;3;0;0
Sudeste;2;2;0;0;5;1;0
Sudeste;2;4;0;0;0;0;0
Sudeste;2;4;0;0;1;0;0
Sudeste;2;5;0;0;2;0;0
Sudeste;2;4;0;0;1;0;0
Sudeste;1;2;83;80;88;32;394
Sudeste;2;2;0;0;12;2;0
Sudeste;2;4;0;0;1;0;0
Sudeste;2;4;0;0;2;0;0
Sudeste;2;4;0;0;3;0;0
Sudeste;2;4;0;0;2;1;0
Sudeste;2;4;0;0;3;0;0
Sudeste;2;4;0;0;0;1;0
Sudeste;2;4;0;0;1;0;0
Sudeste;2;4;0;0;0;0;0
Sudeste;2;4;0;0;2;0;0
Sudeste;2;5;0;0;1;1;0
Sudeste;2;5;0;0;1;0;0
Sudeste;2;5;0;0;1;0;0
Sudeste;2;4;0;0;0;0;0
Sudeste;2;4;0;0;1;0;0
Sudeste;2;4;0;0;0;0;0
Sudeste;2;4;0;0;0;2;0
Sudeste;2;4;0;0;5;0;0
Sudeste;2;4;0;0;1;1;0
Sudeste;2;4;0;0;2;0;0
Sudeste;2;4;0;0;1;0;0
Sudeste;2;4;0;0;1;0;0
Sudeste;2;4;0;0;0;0;0
Sudeste;2;4;0;0;3;0;0
Sudeste;2;4;0;0;7;0;0
Sudeste;2;4;0;0;3;0;0
Sudeste;2;4;0;0;7;0;0
Sudeste;2;5;0;0;0;0;0
Sudeste;2;5;0;0;2;0;0
Sudeste;2;4;0;0;1;0;0
Sudeste;2;4;0;0;0;0;0
Sudeste;2;4;0;0;1;1;0
Sudeste;2;4;0;0;1;0;0
Sudeste;2;4;0;0;0;0;0
Sudeste;2;4;0;0;0;1;0
Sudeste;2;4;0;0;1;0;0
Sudeste;2;2;0;0;5;0;0
Sudeste;2;2;0;0;11;2;0
Sudeste;2;4;0;0;1;0;0
Sudeste;2;4;0;0;0;0;0
Sudeste;2;4;0;0;1;0;0
Sudeste;2;4;0;0;1;0;0
Sudeste;2;4;0;0;1;0;0
Sudeste;2;4;0;0;1;0;0
Sudeste;2;4;0;0;1;0;0
Sudeste;2;4;0;0;0;0;0
Sudeste;2;4;0;0;1;0;0
Sudeste;2;4;0;0;2;0;0
Sudeste;2;4;0;0;1;0;0
Sudeste;2;2;0;0;0;0;0
Sudeste;2;2;0;0;7;2;0
Sudeste;2;2;0;0;5;0;0
Sudeste;2;2;0;0;0;0;0
Sudeste;2;2;0;0;9;1;0
Sudeste;2;4;0;0;1;0;0
Sudeste;2;4;0;0;0;0;0
Sudeste;2;4;0;0;0;1;0
Sudeste;2;4;0;0;2;1;0
Sudeste;2;5;0;0;1;0;0
Sudeste;2;4;0;0;2;0;0
Sudeste;2;4;0;0;1;0;0
Sudeste;2;4;0;0;1;0;0
Sudeste;2;2;0;0;5;1;0
Sudeste;2;2;0;0;3;1;0
Sudeste;2;2;0;0;24;2;0
Sudeste;2;4;0;0;0;0;0
Sudeste;2;4;0;0;1;0;0
Sudeste;2;4;0;0;0;0;0
Sudeste;2;4;0;0;2;0;0
Sudeste;2;4;0;0;4;0;0
Sudeste;2;5;0;0;0;0;0
Sudeste;2;5;0;0;0;0;0
Sudeste;2;4;0;0;2;0;0
Sudeste;2;4;0;0;2;1;0
Sudeste;2;4;0;0;2;0;0
Sudeste;2;5;0;0;1;0;0
Sudeste;2;2;0;0;17;1;0
Sudeste;2;4;0;0;0;0;0
Sudeste;2;4;0;0;3;0;0
Sudeste;2;4;0;0;0;0;0
Sudeste;2;4;0;0;1;0;0
Sudeste;2;4;0;0;2;0;0
Sudeste;2;4;0;0;0;0;0
Sudeste;2;5;0;0;7;0;0
Sudeste;2;4;0;0;1;0;0
Sudeste;2;4;0;0;0;0;0
Sudeste;2;4;0;0;1;0;0
Sudeste;2;4;0;0;0;0;0
Sudeste;2;4;0;0;2;0;0
Sudeste;2;4;0;0;2;0;0
Sudeste;2;4;0;0;2;0;0
Sudeste;2;2;0;0;1;0;0
Sudeste;2;2;0;0;5;1;0
Sudeste;2;4;0;0;1;0;0
Sudeste;2;4;0;0;1;0;0
Sudeste;2;4;0;0;1;0;0
Sudeste;2;2;0;0;4;0;0
Sudeste;2;2;0;0;2;0;0
Sudeste;2;4;0;0;1;0;0
Sudeste;2;2;0;0;7;0;0
Sudeste;2;2;0;0;10;2;0
Sudeste;2;4;0;0;1;0;0
Sudeste;2;4;0;0;1;0;0
Sudeste;2;4;0;0;0;1;0
Sudeste;2;2;0;0;3;1;0
Sudeste;2;4;0;0;1;0;0
Sudeste;2;2;0;0;4;0;0
Sudeste;2;2;0;0;5;0;0
Sudeste;2;4;0;0;1;0;0
Sudeste;2;2;0;0;16;0;0
Sudeste;2;4;0;0;2;1;0
Sudeste;2;4;0;0;1;0;0
Sudeste;2;4;0;0;1;0;0
Sudeste;2;4;0;0;1;0;0
Sudeste;2;4;0;0;0;0;0
Sudeste;2;4;0;0;0;0;0
Sudeste;2;5;0;0;3;0;0
Sudeste;2;5;0;0;2;0;0
Sudeste;2;4;0;0;1;0;0
Sudeste;2;4;0;0;1;0;0
Sudeste;2;4;0;0;0;0;0
Sudeste;2;2;0;0;13;2;0
Sudeste;2;4;0;0;1;0;0
Sudeste;2;4;0;0;2;0;0
Sudeste;2;4;0;0;3;1;0
Sudeste;2;4;0;0;1;0;0
Sudeste;2;4;0;0;3;0;0
Sudeste;2;4;0;0;2;0;0
Sudeste;2;4;0;0;3;0;0
Sudeste;2;4;0;0;0;0;0
Sudeste;2;4;0;0;5;0;0
Sudeste;2;5;0;0;1;0;0
Sudeste;2;2;0;0;2;1;0
Sudeste;2;4;0;0;1;0;0
Sudeste;2;4;0;0;1;0;0
Sudeste;2;2;0;0;1;0;0
Sudeste;2;2;0;0;6;0;0
Sudeste;1;5;84;72;50;0;239
Sudeste;2;2;0;0;24;6;0
Sudeste;2;4;0;0;0;1;0
Sudeste;2;4;0;0;4;0;0
Sudeste;2;4;0;0;9;0;0
Sudeste;2;4;0;0;32;3;0
Sudeste;2;4;0;0;12;2;0
Sudeste;2;4;0;0;1;0;0
Sudeste;2;4;0;0;2;0;0
Sudeste;2;4;0;0;1;0;0
Sudeste;2;4;0;0;1;0;0
Sudeste;2;4;0;0;5;5;0
Sudeste;2;4;0;0;1;3;0
Sudeste;2;4;0;0;5;0;0
Sudeste;2;4;0;0;0;2;0
Sudeste;2;4;0;0;1;0;0
Sudeste;2;4;0;0;5;2;0
Sudeste;2;5;0;0;2;0;0
Sudeste;2;5;0;0;1;0;0
Sudeste;2;5;0;0;3;0;0
Sudeste;2;5;0;0;23;0;0
Sudeste;2;5;0;0;0;0;0
Sudeste;2;5;0;0;6;0;0
Sudeste;2;4;0;0;0;0;0
Sudeste;2;4;0;0;2;0;0
Sudeste;2;4;0;0;3;0;0
Sudeste;2;4;0;0;4;0;0
Sudeste;2;4;0;0;3;0;0
Sudeste;2;4;0;0;5;1;0
Sudeste;2;4;0;0;9;1;0
Sudeste;2;4;0;0;0;1;0
Sudeste;2;4;0;0;0;2;0
Sudeste;2;4;0;0;3;1;0
Sudeste;2;4;0;0;1;0;0
Sudeste;2;4;0;0;1;0;0
Sudeste;2;4;0;0;6;2;0
Sudeste;2;4;0;0;2;1;0
Sudeste;2;4;0;0;6;0;0
Sudeste;2;4;0;0;7;1;0
Sudeste;2;4;0;0;23;2;0
Sudeste;2;4;0;0;0;0;0
Sudeste;2;4;0;0;1;0;0
Sudeste;2;4;0;0;1;0;0
Sudeste;2;4;0;0;48;0;0
Sudeste;2;5;0;0;1;0;0
Sudeste;2;5;0;0;6;1;0
Sudeste;2;5;0;0;1;0;0
Sudeste;2;4;0;0;3;0;0
Sudeste;2;4;0;0;6;0;0
Sudeste;2;2;0;0;10;2;0
Sudeste;2;4;0;0;0;1;0
Sudeste;2;4;0;0;2;0;0
Sudeste;2;4;0;0;1;0;0
Sudeste;2;4;0;0;1;0;0
Sudeste;2;4;0;0;0;2;0
Sudeste;2;5;0;0;0;0;0
Sudeste;2;2;0;0;6;2;0
Sudeste;2;4;0;0;1;0;0
Sudeste;2;4;0;0;0;0;0
Sudeste;2;2;0;0;5;0;0
Sudeste;2;2;0;0;9;1;0
Sudeste;2;4;0;0;0;0;0
Sudeste;2;4;0;0;1;0;0
Sudeste;2;4;0;0;1;0;0
Sudeste;2;2;0;0;3;1;0
Sudeste;2;4;0;0;1;0;0
Sudeste;2;2;0;0;12;3;0
Sudeste;2;4;0;0;0;0;0
Sudeste;2;4;0;0;0;0;0
Sudeste;2;4;0;0;1;0;0
Sudeste;2;4;0;0;0;1;0
Sudeste;2;4;0;0;0;0;0
Sudeste;2;4;0;0;1;0;0
Sudeste;2;4;0;0;1;0;0
Sudeste;2;4;0;0;0;1;0
Sudeste;2;4;0;0;1;1;0
Sudeste;2;4;0;0;1;0;0
Sudeste;2;4;0;0;1;0;0
Sudeste;2;4;0;0;0;0;0
Sudeste;2;4;0;0;0;1;0
Sudeste;2;4;0;0;1;0;0
Sudeste;2;4;0;0;0;0;0
Sudeste;2;2;0;0;28;1;0
Sudeste;2;4;0;0;11;2;0
Sudeste;2;4;0;0;23;4;0
Sudeste;2;4;0;0;1;0;0
Sudeste;2;4;0;0;2;0;0
Sudeste;2;4;0;0;1;0;0
Sudeste;2;4;0;0;2;0;0
Sudeste;2;4;0;0;2;1;0
Sudeste;2;4;0;0;3;1;0
Sudeste;2;4;0;0;2;0;0
Sudeste;2;5;0;0;1;3;0
Sudeste;2;5;0;0;5;0;0
Sudeste;2;4;0;0;4;0;0
Sudeste;2;4;0;0;3;0;0
Sudeste;2;4;0;0;0;0;0
Sudeste;2;4;0;0;1;1;0
Sudeste;2;4;0;0;1;0;0
Sudeste;2;4;0;0;3;0;0
Sudeste;2;4;0;0;4;0;0
Sudeste;2;4;0;0;4;0;0
Sudeste;2;5;0;0;1;0;0
Sudeste;2;2;0;0;4;1;0
Sudeste;2;2;0;0;23;3;0
Sudeste;2;4;0;0;1;0;0
Sudeste;2;4;0;0;0;0;0
Sudeste;2;4;0;0;0;0;0
Sudeste;2;4;0;0;1;0;0
Sudeste;2;4;0;0;2;0;0
Sudeste;2;2;0;0;10;7;0
Sudeste;2;4;0;0;0;0;0
Sudeste;2;4;0;0;3;0;0
Sudeste;2;4;0;0;2;0;0
Sudeste;2;4;0;0;1;0;0
Sudeste;2;5;0;0;1;0;0
Sudeste;2;4;0;0;1;0;0
Sudeste;2;2;0;0;12;1;0
Sudeste;2;2;0;0;10;1;0
Sudeste;2;4;0;0;1;0;0
Sudeste;2;4;0;0;0;0;0
Sudeste;2;4;0;0;1;0;0
Sudeste;2;4;0;0;1;0;0
Sudeste;2;2;0;0;4;0;0
Sudeste;2;2;0;0;5;0;0
Sudeste;2;2;0;0;5;0;0
Sudeste;2;2;0;0;3;0;0
Sudeste;2;2;0;0;4;1;0
Sudeste;2;2;0;0;1;0;0
Sudeste;2;2;0;0;3;0;0
Sudeste;2;4;0;0;3;0;0
Sudeste;2;4;0;0;3;0;0
Sudeste;2;4;0;0;0;0;0
Sudeste;2;4;0;0;0;0;0
Sudeste;2;2;0;0;12;1;0
Sudeste;2;4;0;0;0;0;0
Sudeste;2;4;0;0;0;0;0
Sudeste;2;4;0;0;0;0;0
Sudeste;2;4;0;0;1;0;0
Sudeste;1;2;99;80;96;8;323
Sudeste;2;4;0;0;4;1;0
Sudeste;2;4;0;0;5;4;0
Sudeste;2;4;0;0;2;0;0
Sudeste;2;4;0;0;2;0;0
Sudeste;2;4;0;0;1;0;0
Sudeste;2;4;0;0;2;0;0
Sudeste;2;4;0;0;6;3;0
Sudeste;2;4;0;0;6;1;0
Sudeste;2;4;0;0;0;0;0
Sudeste;2;4;0;0;1;0;0
Sudeste;2;4;0;0;3;0;0
Sudeste;2;5;0;0;1;0;0
Sudeste;2;5;0;0;2;0;0
Sudeste;2;5;0;0;2;0;0
Sudeste;2;4;0;0;1;0;0
Sudeste;2;4;0;0;4;0;0
Sudeste;2;4;0;0;3;0;0
Sudeste;2;5;0;0;3;0;0
Sudeste;2;2;0;0;5;0;0
Sudeste;2;4;0;0;0;0;0
Sudeste;2;2;0;0;4;0;0
Sudeste;2;2;0;0;4;4;0
Sudeste;2;4;0;0;1;0;0
Sudeste;2;4;0;0;1;0;0
Sudeste;2;4;0;0;1;0;0
Sudeste;2;4;0;0;0;0;0
Sudeste;2;2;0;0;21;1;0
Sudeste;2;4;0;0;0;0;0
Sudeste;2;4;0;0;1;0;0
Sudeste;2;4;0;0;1;0;0
Sudeste;2;4;0;0;1;0;0
Sudeste;2;2;0;0;4;0;0
Sudeste;2;2;0;0;1;0;0
Sudeste;2;4;0;0;1;0;0
Sudeste;2;4;0;0;0;1;0
Sudeste;2;4;0;0;0;0;0
Sudeste;2;2;0;0;33;5;0
Sudeste;2;4;0;0;5;0;0
Sudeste;2;4;0;0;7;1;0
Sudeste;2;4;0;0;2;0;0
Sudeste;2;4;0;0;2;0;0
Sudeste;2;4;0;0;0;0;0
Sudeste;2;4;0;0;3;0;0
Sudeste;2;4;0;0;1;0;0
Sudeste;2;4;0;0;3;0;0
Sudeste;2;4;0;0;1;4;0
Sudeste;2;5;0;0;2;0;0
Sudeste;2;5;0;0;1;0;0
Sudeste;2;4;0;0;2;0;0
Sudeste;2;4;0;0;1;0;0
Sudeste;2;4;0;0;2;0;0
Sudeste;2;4;0;0;1;0;0
Sudeste;2;4;0;0;1;0;0
Sudeste;2;4;0;0;2;0;0
Sudeste;2;4;0;0;0;0;0
Sudeste;2;2;0;0;5;2;0
Sudeste;2;4;0;0;0;0;0
Sudeste;2;2;0;0;3;1;0
Sudeste;2;2;0;0;7;2;0
Sudeste;2;4;0;0;1;0;0
Sudeste;2;4;0;0;1;0;0
Sudeste;2;4;0;0;1;0;0
Sudeste;2;4;0;0;3;0;0
Sudeste;2;4;0;0;3;0;0
Sudeste;2;4;0;0;1;0;0
Sudeste;2;4;0;0;1;0;0
Sudeste;2;2;0;0;7;1;0
Sudeste;2;2;0;0;2;2;0
Sudeste;2;2;0;0;3;1;0
Sudeste;2;4;0;0;1;0;0
Sudeste;2;2;0;0;24;8;0
Sudeste;2;4;0;0;3;0;0
Sudeste;2;4;0;0;0;0;0
Sudeste;2;4;0;0;1;1;0
Sudeste;2;4;0;0;1;0;0
Sudeste;2;4;0;0;0;3;0
Sudeste;2;4;0;0;1;0;0
Sudeste;2;4;0;0;0;0;0
Sudeste;2;4;0;0;2;0;0
Sudeste;2;4;0;0;2;1;0
Sudeste;2;4;0;0;1;0;0
Sudeste;2;4;0;0;0;0;0
Sudeste;2;5;0;0;2;0;0
Sudeste;2;4;0;0;2;0;0
Sudeste;2;4;0;0;1;0;0
Sudeste;2;4;0;0;1;0;0
Sudeste;2;4;0;0;1;0;0
Sudeste;2;5;0;0;0;0;0
Sudeste;2;4;0;0;0;0;0
Sudeste;2;5;0;0;1;0;0
Sudeste;2;2;0;0;3;0;0
Sudeste;2;2;0;0;10;2;0
Sudeste;2;4;0;0;1;0;0
Sudeste;2;4;0;0;1;0;0
Sudeste;2;4;0;0;1;0;0
Sudeste;2;2;0;0;3;0;0
Sudeste;2;4;0;0;0;0;0
Sudeste;2;2;0;0;1;0;0
Sudeste;2;2;0;0;6;0;0
Sudeste;2;4;0;0;0;1;0
Sudeste;2;2;0;0;10;1;0
Sudeste;2;4;0;0;0;0;0
Sudeste;2;4;0;0;1;0;0
Sudeste;2;4;0;0;1;0;0
Sudeste;2;2;0;0;31;0;0
Sudeste;2;4;0;0;2;0;0
Sudeste;2;4;0;0;0;0;0
Sudeste;2;4;0;0;0;1;0
Sudeste;2;4;0;0;2;0;0
Sudeste;2;4;0;0;1;2;0
Sudeste;2;5;0;0;1;0;0
Sudeste;2;5;0;0;0;0;0
Sudeste;2;4;0;0;0;0;0
Sudeste;2;4;0;0;0;0;0
Sudeste;2;4;0;0;0;0;0
Sudeste;2;4;0;0;0;0;0
Sudeste;2;4;0;0;1;0;0
Sudeste;2;4;0;0;1;0;0
Sudeste;2;4;0;0;0;0;0
Sudeste;2;5;0;0;1;0;0
Sudeste;2;2;0;0;1;0;0
Sudeste;2;2;0;0;2;0;0
Sudeste;2;2;0;0;32;3;0
Sudeste;2;4;0;0;1;0;0
Sudeste;2;4;0;0;3;0;0
Sudeste;2;4;0;0;1;0;0
Sudeste;2;4;0;0;1;1;0
Sudeste;2;4;0;0;5;0;0
Sudeste;2;4;0;0;10;5;0
Sudeste;2;4;0;0;1;0;0
Sudeste;2;4;0;0;4;1;0
Sudeste;2;5;0;0;1;0;0
Sudeste;2;4;0;0;0;0;0
Sudeste;2;4;0;0;1;0;0
Sudeste;2;4;0;0;1;0;0
Sudeste;2;4;0;0;2;0;0
Sudeste;2;4;0;0;1;2;0
Sudeste;2;5;0;0;0;0;0
Sudeste;2;4;0;0;1;0;0
Sudeste;2;2;0;0;19;3;0
Sudeste;2;4;0;0;1;0;0
Sudeste;2;4;0;0;1;0;0
Sudeste;2;4;0;0;4;0;0
Sudeste;2;4;0;0;0;0;0
Sudeste;2;5;0;0;2;0;0
Sudeste;2;5;0;0;1;0;0
Sudeste;2;4;0;0;1;0;0
Sudeste;2;4;0;0;3;0;0
Sudeste;2;4;0;0;0;0;0
Sudeste;2;5;0;0;1;0;0
Sudeste;2;2;0;0;15;1;0
Sudeste;2;4;0;0;1;0;0
Sudeste;2;4;0;0;5;0;0
Sudeste;2;4;0;0;1;0;0
Sudeste;2;4;0;0;1;0;0
Sudeste;2;4;0;0;1;0;0
Sudeste;2;4;0;0;1;0;0
Sudeste;2;4;0;0;2;0;0
Sudeste;2;4;0;0;0;1;0
Sudeste;2;4;0;0;0;0;0
Sudeste;2;4;0;0;3;0;0
Sudeste;2;2;0;0;9;0;0
Sudeste;2;4;0;0;1;0;0
Sudeste;2;4;0;0;1;0;0
Sudeste;2;4;0;0;1;0;0
Sudeste;2;2;0;0;5;0;0
Sudeste;2;2;0;0;2;0;0
Sudeste;2;2;0;0;1;0;0
Sudeste;2;2;0;0;4;0;0
Sudeste;2;2;0;0;6;1;0
Sudeste;2;2;0;0;19;5;0
Sudeste;2;4;0;0;1;0;0
Sudeste;2;4;0;0;1;0;0
Sudeste;2;4;0;0;3;0;0
Sudeste;2;4;0;0;1;0;0
Sudeste;2;4;0;0;0;0;0
Sudeste;2;4;0;0;1;0;0
Sudeste;2;5;0;0;2;0;0
Sudeste;2;4;0;0;1;0;0
Sudeste;2;4;0;0;2;0;0
Sudeste;2;4;0;0;2;1;0
Sudeste;2;2;0;0;2;0;0
Sudeste;2;2;0;0;5;0;0
Sudeste;2;4;0;0;1;0;0
Sudeste;2;2;0;0;15;1;0
Sudeste;2;4;0;0;1;0;0
Sudeste;2;4;0;0;2;0;0
Sudeste;2;4;0;0;0;0;0
Sudeste;2;4;0;0;1;0;0
Sudeste;2;4;0;0;2;0;0
Sudeste;2;4;0;0;0;0;0
Sudeste;2;4;0;0;1;0;0
Sudeste;2;4;0;0;3;0;0
Sudeste;2;4;0;0;1;0;0
Sudeste;2;4;0;0;2;0;0
Sudeste;2;4;0;0;0;0;0
Sudeste;2;4;0;0;1;0;0
Sudeste;2;4;0;0;4;1;0
Sudeste;1;4;150;150;0;0;0
Sudeste;2;2;0;0;23;4;0
Sudeste;2;4;0;0;2;0;0
Sudeste;2;4;0;0;14;2;0
Sudeste;2;4;0;0;23;1;0
Sudeste;2;4;0;0;4;0;0
Sudeste;2;4;0;0;15;0;0
Sudeste;2;4;0;0;8;0;0
Sudeste;2;4;0;0;6;0;0
Sudeste;2;4;0;0;2;0;0
Sudeste;2;4;0;0;6;6;0
Sudeste;2;4;0;0;0;2;0
Sudeste;2;4;0;0;0;0;0
Sudeste;2;4;0;0;0;0;0
Sudeste;2;4;0;0;2;0;0
Sudeste;2;4;0;0;7;1;0
Sudeste;2;5;0;0;5;0;0
Sudeste;2;5;0;0;10;3;0
Sudeste;2;5;0;0;6;2;0
Sudeste;2;5;0;0;5;0;0
Sudeste;2;5;0;0;3;0;0
Sudeste;2;4;0;0;0;0;0
Sudeste;2;4;0;0;1;0;0
Sudeste;2;4;0;0;1;0;0
Sudeste;2;4;0;0;0;0;0
Sudeste;2;4;0;0;1;0;0
Sudeste;2;4;0;0;3;0;0
Sudeste;2;4;0;0;6;0;0
Sudeste;2;4;0;0;2;0;0
Sudeste;2;4;0;0;1;0;0
Sudeste;2;4;0;0;12;2;0
Sudeste;2;4;0;0;2;1;0
Sudeste;2;4;0;0;4;0;0
Sudeste;2;4;0;0;0;0;0
Sudeste;2;4;0;0;3;0;0
Sudeste;2;4;0;0;7;1;0
Sudeste;2;4;0;0;8;1;0
Sudeste;2;4;0;0;17;1;0
Sudeste;2;4;0;0;1;0;0
Sudeste;2;4;0;0;1;0;0
Sudeste;2;4;0;0;0;0;0
Sudeste;2;4;0;0;3;0;0
Sudeste;2;4;0;0;1;0;0
Sudeste;2;4;0;0;1;0;0
Sudeste;2;4;0;0;0;1;0
Sudeste;2;5;0;0;1;0;0
Sudeste;2;5;0;0;0;1;0
Sudeste;2;5;0;0;2;1;0
Sudeste;2;2;0;0;7;1;0
Sudeste;2;4;0;0;1;0;0
Sudeste;2;2;0;0;2;0;0
Sudeste;2;2;0;0;5;0;0
Sudeste;2;4;0;0;0;0;0
Sudeste;2;4;0;0;1;0;0
Sudeste;2;2;0;0;0;0;0
Sudeste;2;2;0;0;8;0;0
Sudeste;2;2;0;0;20;2;0
Sudeste;2;4;0;0;1;0;0
Sudeste;2;4;0;0;1;0;0
Sudeste;2;4;0;0;2;0;0
Sudeste;2;4;0;0;2;0;0
Sudeste;2;4;0;0;0;3;0
Sudeste;2;4;0;0;1;0;0
Sudeste;2;4;0;0;1;0;0
Sudeste;2;4;0;0;0;0;0
Sudeste;2;4;0;0;3;0;0
Sudeste;2;4;0;0;3;0;0
Sudeste;2;4;0;0;1;0;0
Sudeste;2;4;0;0;2;0;0
Sudeste;2;4;0;0;1;0;0
Sudeste;2;5;0;0;0;0;0
Sudeste;2;2;0;0;6;0;0
Sudeste;2;2;0;0;5;2;0
Sudeste;2;2;0;0;10;1;0
Sudeste;2;4;0;0;2;0;0
Sudeste;2;2;0;0;12;1;0
Sudeste;2;4;0;0;0;0;0
Sudeste;2;2;0;0;0;0;0
Sudeste;2;2;0;0;4;0;0
Sudeste;2;4;0;0;0;1;0
Sudeste;2;5;0;0;1;0;0
Sudeste;2;2;0;0;2;0;0
Sudeste;2;2;0;0;5;1;0
Sudeste;2;4;0;0;1;0;0
Sudeste;2;2;0;0;4;0;0
Sudeste;2;4;0;0;0;0;0
Sudeste;2;4;0;0;1;0;0
Sudeste;2;2;0;0;5;0;0
Sudeste;2;4;0;0;1;0;0
Sudeste;2;2;0;0;4;1;0
Sudeste;2;4;0;0;1;0;0
Sudeste;2;2;0;0;9;0;0
Sudeste;2;4;0;0;0;0;0
Sudeste;2;2;0;0;25;4;0
Sudeste;2;4;0;0;1;0;0
Sudeste;2;4;0;0;2;0;0
Sudeste;2;4;0;0;4;0;0
Sudeste;2;4;0;0;2;2;0
Sudeste;2;4;0;0;1;0;0
Sudeste;2;4;0;0;2;0;0
Sudeste;2;4;0;0;2;0;0
Sudeste;2;4;0;0;1;0;0
Sudeste;2;4;0;0;3;0;0
Sudeste;2;5;0;0;0;0;0
Sudeste;2;4;0;0;1;0;0
Sudeste;2;4;0;0;2;0;0
Sudeste;2;4;0;0;1;0;0
Sudeste;2;4;0;0;0;0;0
Sudeste;2;4;0;0;2;0;0
Sudeste;2;4;0;0;1;0;0
Sudeste;2;4;0;0;1;0;0
Sudeste;2;4;0;0;5;0;0
Sudeste;2;4;0;0;0;0;0
Sudeste;2;4;0;0;2;0;0
Sudeste;2;4;0;0;0;0;0
Sudeste;2;5;0;0;1;0;0
Sudeste;2;2;0;0;9;0;0
Sudeste;2;4;0;0;1;0;0
Sudeste;2;2;0;0;8;0;0
Sudeste;2;2;0;0;4;0;0
Sudeste;2;2;0;0;0;0;0
Sudeste;2;4;0;0;1;0;0
Sudeste;2;4;0;0;1;0;0
Sudeste;2;2;0;0;6;0;0
Sudeste;2;2;0;0;4;0;0
Sudeste;2;2;0;0;1;1;0
Sudeste;2;2;0;0;2;0;0
Sudeste;2;2;0;0;12;1;0
Sudeste;2;4;0;0;1;0;0
Sudeste;2;4;0;0;0;0;0
Sudeste;2;4;0;0;2;0;0
Sudeste;2;4;0;0;0;0;0
Sudeste;2;4;0;0;1;0;0
Sudeste;2;4;0;0;1;0;0
Sudeste;2;4;0;0;1;0;0
Sudeste;2;2;0;0;1;0;0
Sudeste;2;2;0;0;20;1;0
Sudeste;2;4;0;0;1;0;0
Sudeste;2;4;0;0;3;0;0
Sudeste;2;4;0;0;0;0;0
Sudeste;2;4;0;0;0;2;0
Sudeste;2;4;0;0;2;2;0
Sudeste;2;4;0;0;1;0;0
Sudeste;2;5;0;0;2;0;0
Sudeste;2;4;0;0;0;0;0
Sudeste;2;4;0;0;5;0;0
Sudeste;2;4;0;0;2;0;0
Sudeste;2;4;0;0;2;0;0
Sudeste;2;4;0;0;2;0;0
Sudeste;2;5;0;0;2;0;0
Sudeste;2;2;0;0;15;1;0
Sudeste;2;4;0;0;1;0;0
Sudeste;2;4;0;0;6;0;0
Sudeste;2;4;0;0;3;0;0
Sudeste;2;4;0;0;1;0;0
Sudeste;2;4;0;0;0;0;0
Sudeste;2;4;0;0;1;0;0
Sudeste;2;4;0;0;1;0;0
Sudeste;2;4;0;0;1;0;0
Sudeste;2;4;0;0;4;0;0
Sudeste;2;2;0;0;17;2;0
Sudeste;2;4;0;0;1;0;0
Sudeste;2;4;0;0;2;0;0
Sudeste;2;4;0;0;1;0;0
Sudeste;2;4;0;0;2;0;0
Sudeste;2;4;0;0;1;0;0
Sudeste;2;4;0;0;1;0;0
Sudeste;2;4;0;0;1;0;0
Sudeste;2;4;0;0;0;0;0
Sudeste;2;2;0;0;20;5;0
Sudeste;2;4;0;0;6;0;0
Sudeste;2;4;0;0;5;0;0
Sudeste;2;4;0;0;1;0;0
Sudeste;2;4;0;0;1;0;0
Sudeste;2;4;0;0;7;1;0
Sudeste;2;4;0;0;2;0;0
Sudeste;2;4;0;0;3;0;0
Sudeste;2;4;0;0;1;0;0
Sudeste;2;4;0;0;1;0;0
Sudeste;2;5;0;0;2;0;0
Sudeste;2;5;0;0;3;0;0
Sudeste;2;4;0;0;1;0;0
Sudeste;2;4;0;0;0;1;0
Sudeste;2;4;0;0;1;0;0
Sudeste;2;4;0;0;2;0;0
Sudeste;2;4;0;0;7;0;0
Sudeste;2;5;0;0;1;0;0
Sudeste;2;2;0;0;15;0;0
Sudeste;2;4;0;0;0;0;0
Sudeste;2;4;0;0;0;1;0
Sudeste;2;4;0;0;0;0;0
Sudeste;2;5;0;0;1;0;0
Sudeste;2;2;0;0;2;3;0
Sudeste;2;2;0;0;1;0;0
Sudeste;2;2;0;0;22;1;0
Sudeste;2;4;0;0;0;0;0
Sudeste;2;4;0;0;7;0;0
Sudeste;2;4;0;0;1;0;0
Sudeste;2;4;0;0;0;0;0
Sudeste;2;4;0;0;6;1;0
Sudeste;2;4;0;0;2;0;0
Sudeste;2;4;0;0;0;0;0
Sudeste;2;4;0;0;1;0;0
Sudeste;2;4;0;0;3;0;0
Sudeste;2;5;0;0;1;0;0
Sudeste;2;5;0;0;0;1;0
Sudeste;2;5;0;0;3;0;0
Sudeste;2;4;0;0;2;0;0
Sudeste;2;4;0;0;1;0;0
Sudeste;2;4;0;0;1;0;0
Sudeste;2;4;0;0;1;0;0
Sudeste;2;4;0;0;1;0;0
Sudeste;2;2;0;0;2;3;0
Sudeste;2;4;0;0;1;0;0
Sudeste;2;4;0;0;0;0;0
Sudeste;2;2;0;0;4;0;0
Sudeste;2;2;0;0;7;4;0
Sudeste;2;4;0;0;1;0;0
Sudeste;2;4;0;0;1;0;0
Sudeste;2;4;0;0;2;0;0
Sudeste;2;4;0;0;0;0;0
Sudeste;2;4;0;0;0;0;0
Sudeste;2;5;0;0;2;0;0
Sudeste;2;4;0;0;1;1;0
Sudeste;2;4;0;0;4;0;0
Sudeste;2;4;0;0;0;0;0
Sudeste;2;5;0;0;1;0;0
Sudeste;2;2;0;0;2;0;0
Sudeste;2;2;0;0;15;4;0
Sudeste;2;4;0;0;1;0;0
Sudeste;2;4;0;0;6;0;0
Sudeste;2;4;0;0;1;0;0
Sudeste;2;4;0;0;3;0;0
Sudeste;2;4;0;0;1;0;0
Sudeste;2;4;0;0;0;0;0
Sudeste;2;4;0;0;3;0;0
Sudeste;2;4;0;0;0;0;0
Sudeste;2;4;0;0;2;0;0
Sudeste;2;4;0;0;0;0;0
Sudeste;2;4;0;0;1;0;0
Sudeste;2;4;0;0;1;0;0
Sudeste;2;2;0;0;14;0;0
Sudeste;2;4;0;0;0;1;0
Sudeste;2;4;0;0;1;0;0
Sudeste;2;4;0;0;2;2;0
Sudeste;2;4;0;0;0;0;0
Sudeste;2;2;0;0;5;0;0
Sudeste;2;2;0;0;7;0;0
Sudeste;2;4;0;0;1;0;0
Sudeste;2;2;0;0;5;0;0
Sudeste;2;2;0;0;10;2;0
Sudeste;2;4;0;0;0;0;0
Sudeste;2;4;0;0;1;0;0
Sudeste;2;4;0;0;1;0;0
Sudeste;2;4;0;0;1;0;0
Sudeste;2;4;0;0;1;0;0
Sudeste;2;4;0;0;0;0;0
Sudeste;2;5;0;0;0;1;0
Sudeste;2;2;0;0;24;4;0
Sudeste;2;4;0;0;0;0;0
Sudeste;2;4;0;0;3;1;0
Sudeste;2;4;0;0;1;0;0
Sudeste;2;4;0;0;6;0;0
Sudeste;2;4;0;0;4;0;0
Sudeste;2;4;0;0;2;0;0
Sudeste;2;4;0;0;2;1;0
Sudeste;2;5;0;0;1;0;0
Sudeste;2;4;0;0;1;0;0
Sudeste;2;4;0;0;1;0;0
Sudeste;2;4;0;0;2;0;0
Sudeste;2;4;0;0;1;0;0
Sudeste;2;4;0;0;1;0;0
Sudeste;2;4;0;0;0;0;0
Sudeste;2;4;0;0;1;0;0
Sudeste;2;4;0;0;1;0;0
Sudeste;2;4;0;0;2;0;0
Sudeste;2;4;0;0;1;0;0
Sudeste;2;4;0;0;0;1;0
Sudeste;2;2;0;0;5;1;0
Sudeste;2;2;0;0;12;1;0
Sudeste;2;4;0;0;0;0;0
Sudeste;2;4;0;0;1;0;0
Sudeste;2;4;0;0;0;0;0
Sudeste;2;4;0;0;1;0;0
Sudeste;2;4;0;0;1;0;0
Sudeste;2;4;0;0;1;0;0
Sudeste;2;4;0;0;2;0;0
Sudeste;2;4;0;0;1;1;0
Sudeste;2;2;0;0;8;0;0
Sudeste;2;4;0;0;1;0;0
Sudeste;2;4;0;0;1;0;0
Sudeste;2;4;0;0;1;0;0
Sudeste;2;4;0;0;0;0;0
Sudeste;2;4;0;0;1;0;0
Sudeste;2;2;0;0;22;0;0
Sudeste;2;2;0;0;22;4;0
Sudeste;2;4;0;0;3;0;0
Sudeste;2;4;0;0;2;0;0
Sudeste;2;4;0;0;1;1;0
Sudeste;2;4;0;0;2;0;0
Sudeste;2;4;0;0;2;1;0
Sudeste;2;5;0;0;1;0;0
Sudeste;2;5;0;0;2;0;0
Sudeste;2;4;0;0;1;0;0
Sudeste;2;4;0;0;0;1;0
Sudeste;2;4;0;0;7;0;0
Sudeste;2;5;0;0;1;0;0
Sudeste;2;4;0;0;3;0;0
Sudeste;2;4;0;0;1;0;0
Sudeste;2;4;0;0;1;0;0
Sudeste;2;4;0;0;1;0;0
Sudeste;2;2;0;0;19;0;0
Sudeste;2;4;0;0;1;1;0
Sudeste;2;4;0;0;7;0;0
Sudeste;2;4;0;0;0;0;0
Sudeste;2;4;0;0;0;0;0
Sudeste;2;4;0;0;1;0;0
Sudeste;2;4;0;0;0;0;0
Sudeste;2;4;0;0;0;0;0
Sudeste;2;5;0;0;1;0;0
Sudeste;2;2;0;0;4;1;0
Sudeste;2;4;0;0;0;0;0
Sudeste;2;4;0;0;1;1;0
Sudeste;2;4;0;0;1;0;0
Sudeste;2;4;0;0;1;0;0
Sudeste;2;4;0;0;3;0;0
Sudeste;2;4;0;0;1;0;0
Sudeste;2;4;0;0;2;0;0
Sudeste;2;4;0;0;11;0;0
Sudeste;2;4;0;0;7;0;0
Sudeste;2;4;0;0;2;1;0
Sudeste;2;4;0;0;4;0;0
Sudeste;2;4;0;0;2;0;0
Sudeste;2;4;0;0;2;5;0
Sudeste;2;4;0;0;1;0;0
Sudeste;2;4;0;0;2;1;0
Sudeste;2;5;0;0;1;1;0
Sudeste;2;5;0;0;1;2;0
Sudeste;2;5;0;0;3;0;0
Sudeste;2;5;0;0;2;0;0
Sudeste;2;4;0;0;0;0;0
Sudeste;2;4;0;0;0;0;0
Sudeste;2;4;0;0;1;0;0
Sudeste;2;4;0;0;3;0;0
Sudeste;2;4;0;0;2;0;0
Sudeste;2;4;0;0;1;0;0
Sudeste;2;4;0;0;6;0;0
Sudeste;2;4;0;0;0;0;0
Sudeste;2;4;0;0;1;0;0
Sudeste;2;4;0;0;3;0;0
Sudeste;2;4;0;0;2;0;0
Sudeste;2;4;0;0;3;0;0
Sudeste;2;4;0;0;7;2;0
Sudeste;2;4;0;0;0;1;0
Sudeste;2;4;0;0;3;1;0
Sudeste;2;4;0;0;2;0;0
Sudeste;2;4;0;0;1;0;0
Sudeste;2;4;0;0;2;0;0
Sudeste;2;4;0;0;14;0;0
Sudeste;2;5;0;0;5;0;0
Sudeste;2;5;0;0;2;1;0
Sudeste;2;4;0;0;2;0;0
Sudeste;2;2;0;0;7;0;0
Sudeste;2;4;0;0;2;0;0
Sudeste;2;2;0;0;2;0;0
Sudeste;2;2;0;0;3;0;0
Sudeste;2;2;0;0;6;1;0
Sudeste;2;2;0;0;18;2;0
Sudeste;2;4;0;0;1;0;0
Sudeste;2;4;0;0;1;0;0
Sudeste;2;4;0;0;1;1;0
Sudeste;2;4;0;0;3;1;0
Sudeste;2;4;0;0;1;0;0
Sudeste;2;4;0;0;2;0;0
Sudeste;2;2;0;0;12;0;0
Sudeste;2;4;0;0;2;0;0
Sudeste;2;4;0;0;1;0;0
Sudeste;2;4;0;0;0;2;0
Sudeste;2;4;0;0;0;0;0
Sudeste;2;4;0;0;0;0;0
Sudeste;2;4;0;0;3;0;0
Sudeste;2;2;0;0;21;4;0
Sudeste;2;4;0;0;1;1;0
Sudeste;2;4;0;0;1;0;0
Sudeste;2;4;0;0;0;0;0
Sudeste;2;4;0;0;4;1;0
Sudeste;2;4;0;0;3;0;0
Sudeste;2;4;0;0;2;1;0
Sudeste;2;4;0;0;1;0;0
Sudeste;2;4;0;0;0;1;0
Sudeste;2;4;0;0;1;0;0
Sudeste;2;4;0;0;1;0;0
Sudeste;2;4;0;0;2;0;0
Sudeste;2;4;0;0;4;1;0
Sudeste;2;4;0;0;1;0;0
Sudeste;2;4;0;0;2;0;0
Sudeste;2;4;0;0;1;0;0
Sudeste;2;5;0;0;1;1;0
Sudeste;2;2;0;0;11;1;0
Sudeste;2;4;0;0;1;0;0
Sudeste;2;4;0;0;1;0;0
Sudeste;2;4;0;0;2;0;0
Sudeste;2;4;0;0;0;0;0
Sudeste;2;4;0;0;1;0;0
Sudeste;2;2;0;0;20;1;0
Sudeste;2;4;0;0;1;0;0
Sudeste;2;4;0;0;1;0;0
Sudeste;2;4;0;0;2;0;0
Sudeste;2;4;0;0;0;0;0
Sudeste;2;4;0;0;2;0;0
Sudeste;2;2;0;0;8;2;0
Sudeste;2;4;0;0;1;0;0
Sudeste;2;4;0;0;1;0;0
Sudeste;2;2;0;0;3;1;0
Sudeste;2;2;0;0;6;0;0
Sudeste;2;2;0;0;5;0;0
Sudeste;2;2;0;0;5;1;0
Sudeste;2;4;0;0;1;0;0
Sudeste;2;4;0;0;0;1;0
Sudeste;2;4;0;0;1;0;0
Sudeste;2;4;0;0;0;0;0
Sudeste;2;4;0;0;1;1;0
Sudeste;2;2;0;0;24;2;0
Sudeste;2;4;0;0;1;0;0
Sudeste;2;4;0;0;3;1;0
Sudeste;2;4;0;0;0;1;0
Sudeste;2;5;0;0;0;0;0
Sudeste;2;5;0;0;0;0;0
Sudeste;2;2;0;0;6;0;0
Sudeste;2;2;0;0;4;0;0
Sudeste;2;4;0;0;0;0;0
Sudeste;2;2;0;0;22;3;0
Sudeste;2;4;0;0;2;0;0
Sudeste;2;4;0;0;2;0;0
Sudeste;2;4;0;0;1;0;0
Sudeste;2;4;0;0;38;0;0
Sudeste;2;4;0;0;1;0;0
Sudeste;2;4;0;0;0;0;0
Sudeste;2;4;0;0;2;0;0
Sudeste;2;4;0;0;0;0;0
Sudeste;2;4;0;0;2;0;0
Sudeste;2;4;0;0;2;0;0
Sudeste;2;5;0;0;1;0;0
Sudeste;2;2;0;0;16;2;0
Sudeste;2;4;0;0;2;0;0
Sudeste;2;4;0;0;0;1;0
Sudeste;2;4;0;0;1;0;0
Sudeste;2;4;0;0;1;0;0
Sudeste;2;4;0;0;3;1;0
Sudeste;2;4;0;0;1;0;0
Sudeste;2;2;0;0;22;4;0
Sudeste;2;4;0;0;0;0;0
Sudeste;2;4;0;0;2;0;0
Sudeste;2;4;0;0;1;0;0
Sudeste;2;4;0;0;1;1;0
Sudeste;2;4;0;0;2;0;0
Sudeste;2;4;0;0;1;0;0
Sudeste;2;4;0;0;3;0;0
Sudeste;2;5;0;0;7;3;0
Sudeste;2;5;0;0;5;0;0
Sudeste;2;5;0;0;4;0;0
Sudeste;2;5;0;0;1;0;0
Sudeste;2;4;0;0;1;0;0
Sudeste;2;4;0;0;2;0;0
Sudeste;2;4;0;0;3;1;0
Sudeste;2;4;0;0;6;0;0
Sudeste;2;4;0;0;4;0;0
Sudeste;2;4;0;0;0;0;0
Sudeste;2;4;0;0;3;0;0
Sudeste;2;4;0;0;2;0;0
Sudeste;2;5;0;0;2;0;0
Sudeste;2;2;0;0;2;0;0
Sudeste;2;2;0;0;2;0;0
Sudeste;2;2;0;0;5;0;0
Sudeste;2;2;0;0;3;1;0
Sudeste;2;2;0;0;8;0;0
Sudeste;2;4;0;0;0;0;0
Sudeste;2;2;0;0;6;2;0
Sudeste;2;4;0;0;0;0;0
Sudeste;2;4;0;0;1;0;0
Sudeste;2;4;0;0;1;0;0
Sudeste;2;4;0;0;1;0;0
Sudeste;2;4;0;0;1;0;0
Sudeste;2;4;0;0;0;1;0
Sudeste;2;5;0;0;0;0;0
Sudeste;2;4;0;0;1;0;0
Sudeste;2;4;0;0;1;0;0
Sudeste;2;4;0;0;1;0;0
Sudeste;2;5;0;0;0;0;0
Sudeste;2;2;0;0;7;8;0
Sudeste;2;4;0;0;1;0;0
Sudeste;2;4;0;0;1;0;0
Sudeste;2;4;0;0;2;2;0
Sudeste;2;4;0;0;0;0;0
Sudeste;2;4;0;0;0;0;0
Sudeste;2;4;0;0;1;0;0
Sudeste;2;4;0;0;0;0;0
Sudeste;2;4;0;0;1;0;0
Sudeste;2;2;0;0;20;4;0
Sudeste;2;4;0;0;0;0;0
Sudeste;2;4;0;0;0;1;0
Sudeste;2;4;0;0;9;0;0
Sudeste;2;4;0;0;3;0;0
Sudeste;2;4;0;0;1;0;0
Sudeste;2;4;0;0;1;0;0
Sudeste;2;4;0;0;1;1;0
Sudeste;2;4;0;0;0;1;0
Sudeste;2;5;0;0;2;0;0
Sudeste;2;5;0;0;1;0;0
Sudeste;2;5;0;0;1;0;0
Sudeste;2;4;0;0;2;0;0
Sudeste;2;4;0;0;6;2;0
Sudeste;2;4;0;0;3;0;0
Sudeste;2;4;0;0;8;1;0
Sudeste;2;4;0;0;0;0;0
Sudeste;2;4;0;0;0;0;0
Sudeste;2;4;0;0;1;0;0
Sudeste;2;4;0;0;2;0;0
Sudeste;2;4;0;0;2;1;0
Sudeste;2;4;0;0;0;1;0
Sudeste;2;4;0;0;0;0;0
Sudeste;2;4;0;0;2;0;0
Sudeste;2;4;0;0;0;0;0
Sudeste;2;5;0;0;1;0;0
Sudeste;2;2;0;0;8;0;0
Sudeste;2;4;0;0;0;2;0
Sudeste;2;4;0;0;2;0;0
Sudeste;2;4;0;0;1;0;0
Sudeste;2;4;0;0;1;0;0
Sudeste;2;4;0;0;1;0;0
Sudeste;2;4;0;0;1;0;0
Sudeste;2;4;0;0;0;0;0
Sudeste;2;2;0;0;6;2;0
Sudeste;2;4;0;0;1;0;0
Sudeste;2;4;0;0;1;0;0
Sudeste;2;4;0;0;1;0;0
Sudeste;2;4;0;0;1;0;0
Sudeste;2;2;0;0;5;0;0
Sudeste;2;2;0;0;14;4;0
Sudeste;2;4;0;0;1;0;0
Sudeste;2;4;0;0;1;0;0
Sudeste;2;4;0;0;0;0;0
Sudeste;2;4;0;0;1;0;0
Sudeste;2;4;0;0;0;0;0
Sudeste;2;2;0;0;0;0;0
Sudeste;2;4;0;0;1;0;0
Sudeste;2;2;0;0;3;0;0
Sudeste;2;2;0;0;5;0;0
Sudeste;2;2;0;0;1;1;0
Sudeste;2;2;0;0;1;0;0
Sudeste;2;2;0;0;2;0;0
Sudeste;2;2;0;0;3;0;0
Sudeste;2;2;0;0;5;2;0
Sudeste;2;4;0;0;1;0;0
Sudeste;2;4;0;0;0;0;0
Sudeste;2;4;0;0;1;0;0
Sudeste;2;4;0;0;0;0;0
Sudeste;2;2;0;0;2;0;0
Sudeste;2;4;0;0;0;0;0
Sudeste;2;2;0;0;7;0;0
Sudeste;2;5;0;0;1;0;0
Sudeste;2;4;0;0;0;0;0
Sudeste;2;4;0;0;0;0;0
Sudeste;2;2;0;0;4;0;0
Sudeste;2;4;0;0;0;0;0
Sudeste;2;4;0;0;0;0;0
Sudeste;2;2;0;0;29;6;0
Sudeste;2;4;0;0;1;0;0
Sudeste;2;4;0;0;7;0;0
Sudeste;2;4;0;0;29;1;0
Sudeste;2;4;0;0;8;1;0
Sudeste;2;4;0;0;7;5;0
Sudeste;2;4;0;0;22;4;0
Sudeste;2;4;0;0;5;0;0
Sudeste;2;4;0;0;12;6;0
Sudeste;2;4;0;0;0;0;0
Sudeste;2;4;0;0;1;2;0
Sudeste;2;5;0;0;23;6;0
Sudeste;2;5;0;0;17;4;0
Sudeste;2;5;0;0;2;0;0
Sudeste;2;5;0;0;5;0;0
Sudeste;2;4;0;0;0;0;0
Sudeste;2;4;0;0;3;0;0
Sudeste;2;4;0;0;1;0;0
Sudeste;2;4;0;0;1;0;0
Sudeste;2;4;0;0;1;0;0
Sudeste;2;4;0;0;4;0;0
Sudeste;2;4;0;0;23;4;0
Sudeste;2;4;0;0;33;3;0
Sudeste;2;4;0;0;1;1;0
Sudeste;2;4;0;0;8;0;0
Sudeste;2;4;0;0;2;0;0
Sudeste;2;4;0;0;1;0;0
Sudeste;2;4;0;0;4;0;0
Sudeste;2;4;0;0;5;0;0
Sudeste;2;4;0;0;0;1;0
Sudeste;2;4;0;0;0;0;0
Sudeste;2;4;0;0;1;0;0
Sudeste;2;4;0;0;0;1;0
Sudeste;2;4;0;0;41;0;0
Sudeste;2;5;0;0;13;1;0
Sudeste;2;5;0;0;9;1;0
Sudeste;2;5;0;0;0;1;0
Sudeste;1;2;100;80;95;20;209
Sudeste;2;2;0;0;17;1;0
Sudeste;2;4;0;0;1;2;0
Sudeste;2;4;0;0;0;2;0
Sudeste;2;4;0;0;0;0;0
Sudeste;2;4;0;0;4;0;0
Sudeste;2;4;0;0;2;0;0
Sudeste;2;4;0;0;0;0;0
Sudeste;2;4;0;0;0;0;0
Sudeste;2;4;0;0;0;1;0
Sudeste;2;4;0;0;1;0;0
Sudeste;2;2;0;0;3;0;0
Sudeste;2;2;0;0;3;0;0
Sudeste;2;2;0;0;2;0;0
Sudeste;2;2;0;0;2;0;0
Sudeste;2;2;0;0;7;0;0
Sudeste;2;2;0;0;8;1;0
Sudeste;2;4;0;0;1;0;0
Sudeste;2;4;0;0;0;0;0
Sudeste;2;4;0;0;2;2;0
Sudeste;2;2;0;0;4;0;0
Sudeste;2;2;0;0;0;0;0
Sudeste;2;4;0;0;1;0;0
Sudeste;2;2;0;0;2;0;0
Sudeste;2;2;0;0;2;0;0
Sudeste;2;2;0;0;5;0;0
Sudeste;2;4;0;0;1;0;0
Sudeste;2;4;0;0;0;0;0
Sudeste;2;2;0;0;4;0;0
Sudeste;2;2;0;0;0;0;0
Sudeste;2;4;0;0;0;0;0
Sudeste;2;4;0;0;1;0;0
Sudeste;2;4;0;0;0;1;0
Sudeste;2;4;0;0;0;0;0
Sudeste;2;4;0;0;0;0;0
Sudeste;2;4;0;0;3;0;0
Sudeste;2;4;0;0;0;0;0
Sudeste;2;4;0;0;1;1;0
Sudeste;2;4;0;0;0;0;0
Sudeste;2;4;0;0;1;0;0
Sudeste;2;2;0;0;9;0;0
Sudeste;2;4;0;0;0;0;0
Sudeste;2;4;0;0;0;0;0
Sudeste;2;2;0;0;7;1;0
Sudeste;2;4;0;0;1;0;0
Sudeste;2;4;0;0;1;0;0
Sudeste;2;2;0;0;2;1;0
Sudeste;2;2;0;0;5;5;0
Sudeste;2;4;0;0;0;0;0
Sudeste;2;2;0;0;4;0;0
Sudeste;2;4;0;0;0;0;0
Sudeste;2;2;0;0;2;0;0
Sudeste;2;2;0;0;14;0;0
Sudeste;2;4;0;0;0;0;0
Sudeste;2;4;0;0;1;0;0
Sudeste;2;4;0;0;3;0;0
Sudeste;2;4;0;0;1;1;0
Sudeste;2;4;0;0;2;0;0
Sudeste;2;4;0;0;1;0;0
Sudeste;2;4;0;0;0;0;0
Sudeste;2;2;0;0;0;0;0
Sudeste;2;4;0;0;0;0;0
Sudeste;2;4;0;0;1;0;0
Sudeste;2;2;0;0;5;0;0
Sudeste;2;4;0;0;0;1;0
Sudeste;2;4;0;0;2;0;0
Sudeste;2;4;0;0;2;0;0
Sudeste;2;4;0;0;2;1;0
Sudeste;2;4;0;0;4;0;0
Sudeste;2;4;0;0;0;1;0
Sudeste;2;4;0;0;0;0;0
Sudeste;2;4;0;0;1;0;0
Sudeste;2;4;0;0;1;0;0
Sudeste;2;4;0;0;1;0;0
Sudeste;2;4;0;0;0;0;0
Sudeste;2;4;0;0;1;0;0
Sudeste;2;4;0;0;4;0;0
Sudeste;2;5;0;0;1;0;0
Sudeste;2;4;0;0;1;0;0
Sudeste;2;4;0;0;1;0;0
Sudeste;2;4;0;0;1;0;0
Sudeste;2;2;0;0;3;0;0
Sudeste;2;2;0;0;5;0;0
Sudeste;2;4;0;0;1;0;0
Sudeste;2;2;0;0;27;4;0
Sudeste;2;4;0;0;0;0;0
Sudeste;2;4;0;0;1;0;0
Sudeste;2;4;0;0;1;0;0
Sudeste;2;4;0;0;6;1;0
Sudeste;2;4;0;0;2;0;0
Sudeste;2;4;0;0;0;0;0
Sudeste;2;4;0;0;0;1;0
Sudeste;2;4;0;0;0;1;0
Sudeste;2;4;0;0;0;0;0
Sudeste;2;4;0;0;3;0;0
Sudeste;2;5;0;0;2;0;0
Sudeste;2;5;0;0;0;0;0
Sudeste;2;4;0;0;1;0;0
Sudeste;2;4;0;0;4;0;0
Sudeste;2;4;0;0;2;0;0
Sudeste;2;4;0;0;1;1;0
Sudeste;2;4;0;0;5;0;0
Sudeste;2;4;0;0;1;0;0
Sudeste;2;4;0;0;1;0;0
Sudeste;2;4;0;0;1;0;0
Sudeste;2;4;0;0;2;0;0
Sudeste;2;4;0;0;1;0;0
Sudeste;2;4;0;0;9;0;0
Sudeste;2;4;0;0;0;0;0
Sudeste;2;5;0;0;1;0;0
Sudeste;2;5;0;0;2;0;0
Sudeste;2;4;0;0;1;0;0
Sudeste;2;4;0;0;0;0;0
Sudeste;2;4;0;0;0;0;0
Sudeste;2;2;0;0;5;0;0
Sudeste;2;2;0;0;3;0;0
Sudeste;2;2;0;0;15;1;0
Sudeste;2;4;0;0;1;0;0
Sudeste;2;4;0;0;0;0;0
Sudeste;2;4;0;0;0;1;0
Sudeste;2;4;0;0;2;0;0
Sudeste;2;4;0;0;0;0;0
Sudeste;2;4;0;0;1;0;0
Sudeste;2;4;0;0;1;0;0
Sudeste;2;2;0;0;2;1;0
Sudeste;2;4;0;0;0;0;0
Sudeste;2;2;0;0;2;0;0
Sudeste;1;2;82;80;34;28;82
Sudeste;2;2;0;0;7;0;0
Sudeste;2;4;0;0;1;0;0
Sudeste;2;2;0;0;2;0;0
Sudeste;2;2;0;0;7;0;0
Sudeste;2;2;0;0;9;0;0
Sudeste;2;4;0;0;1;0;0
Sudeste;2;4;0;0;1;0;0
Sudeste;2;2;0;0;6;2;0
Sudeste;2;4;0;0;0;0;0
Sudeste;2;4;0;0;1;0;0
Sudeste;2;4;0;0;0;0;0
Sudeste;2;2;0;0;2;0;0
Sudeste;2;2;0;0;10;2;0
Sudeste;2;4;0;0;2;0;0
Sudeste;2;4;0;0;1;0;0
Sudeste;2;4;0;0;3;0;0
Sudeste;2;4;0;0;1;0;0
Sudeste;2;4;0;0;1;0;0
Sudeste;2;4;0;0;2;0;0
Sudeste;2;4;0;0;1;0;0
Sudeste;2;4;0;0;0;0;0
Sudeste;2;4;0;0;4;0;0
Sudeste;2;5;0;0;1;0;0
Sudeste;2;2;0;0;4;1;0
Sudeste;2;2;0;0;23;0;0
Sudeste;2;4;0;0;2;0;0
Sudeste;2;4;0;0;5;0;0
Sudeste;2;4;0;0;1;0;0
Sudeste;2;4;0;0;3;0;0
Sudeste;2;4;0;0;2;0;0
Sudeste;2;4;0;0;1;0;0
Sudeste;2;4;0;0;1;0;0
Sudeste;2;4;0;0;0;0;0
Sudeste;2;5;0;0;1;1;0
Sudeste;2;5;0;0;0;0;0
Sudeste;2;4;0;0;1;0;0
Sudeste;2;4;0;0;2;0;0
Sudeste;2;4;0;0;1;0;0
Sudeste;2;4;0;0;0;0;0
Sudeste;2;4;0;0;1;0;0
Sudeste;2;4;0;0;1;0;0
Sudeste;2;4;0;0;0;0;0
Sudeste;2;4;0;0;3;0;0
Sudeste;2;4;0;0;0;0;0
Sudeste;2;5;0;0;0;0;0
Sudeste;2;2;0;0;3;0;0
Sudeste;2;2;0;0;6;3;0
Sudeste;2;2;0;0;8;1;0
Sudeste;2;4;0;0;0;0;0
Sudeste;2;4;0;0;3;0;0
Sudeste;2;4;0;0;1;0;0
Sudeste;2;2;0;0;28;2;0
Sudeste;2;4;0;0;1;0;0
Sudeste;2;4;0;0;1;0;0
Sudeste;2;4;0;0;1;0;0
Sudeste;2;4;0;0;1;0;0
Sudeste;2;4;0;0;5;0;0
Sudeste;2;4;0;0;0;0;0
Sudeste;2;4;0;0;5;0;0
Sudeste;2;4;0;0;1;0;0
Sudeste;2;4;0;0;1;0;0
Sudeste;2;4;0;0;0;0;0
Sudeste;2;4;0;0;1;0;0
Sudeste;2;4;0;0;3;0;0
Sudeste;2;4;0;0;4;0;0
Sudeste;2;4;0;0;0;0;0
Sudeste;2;2;0;0;8;1;0
Sudeste;2;4;0;0;1;0;0
Sudeste;2;4;0;0;1;0;0
Sudeste;2;4;0;0;2;0;0
Sudeste;2;5;0;0;1;0;0
Sudeste;2;2;0;0;4;0;0
Sudeste;2;2;0;0;4;0;0
Sudeste;2;2;0;0;5;0;0
Sudeste;2;2;0;0;4;1;0
Sudeste;2;2;0;0;1;1;0
Sudeste;2;2;0;0;0;0;0
Sudeste;2;4;0;0;1;0;0
Sudeste;2;4;0;0;0;0;0
Sudeste;2;4;0;0;2;0;0
Sudeste;2;4;0;0;0;0;0
Sudeste;2;2;0;0;4;0;0
Sudeste;2;2;0;0;1;0;0
Sudeste;2;2;0;0;8;0;0
Sudeste;2;2;0;0;2;0;0
Sudeste;2;2;0;0;18;1;0
Sudeste;2;4;0;0;2;0;0
Sudeste;2;4;0;0;1;0;0
Sudeste;2;4;0;0;1;0;0
Sudeste;2;4;0;0;2;0;0
Sudeste;2;4;0;0;0;1;0
Sudeste;2;5;0;0;0;1;0
Sudeste;2;4;0;0;2;0;0
Sudeste;2;4;0;0;2;0;0
Sudeste;2;5;0;0;1;0;0
Sudeste;2;2;0;0;16;11;0
Sudeste;2;4;0;0;1;0;0
Sudeste;2;4;0;0;1;2;0
Sudeste;2;4;0;0;5;0;0
Sudeste;2;4;0;0;9;0;0
Sudeste;2;4;0;0;3;0;0
Sudeste;2;4;0;0;1;0;0
Sudeste;2;4;0;0;4;1;0
Sudeste;2;4;0;0;2;1;0
Sudeste;2;4;0;0;3;0;0
Sudeste;2;4;0;0;1;0;0
Sudeste;2;4;0;0;2;0;0
Sudeste;2;5;0;0;1;0;0
Sudeste;2;5;0;0;1;0;0
Sudeste;2;4;0;0;1;0;0
Sudeste;2;4;0;0;1;0;0
Sudeste;2;4;0;0;2;0;0
Sudeste;2;4;0;0;2;0;0
Sudeste;2;4;0;0;11;5;0
Sudeste;2;4;0;0;28;6;0
Sudeste;2;4;0;0;0;1;0
Sudeste;2;4;0;0;3;0;0
Sudeste;2;4;0;0;4;1;0
Sudeste;2;4;0;0;1;0;0
Sudeste;2;4;0;0;5;2;0
Sudeste;2;4;0;0;1;0;0
Sudeste;2;4;0;0;1;0;0
Sudeste;2;4;0;0;20;0;0
Sudeste;2;5;0;0;1;0;0
Sudeste;2;5;0;0;1;0;0
Sudeste;2;5;0;0;1;0;0
Sudeste;2;4;0;0;4;0;0
Sudeste;2;2;0;0;6;0;0
Sudeste;2;2;0;0;0;0;0
Sudeste;2;2;0;0;4;4;0
Sudeste;2;4;0;0;0;0;0
Sudeste;2;4;0;0;1;0;0
Sudeste;2;4;0;0;2;1;0
Sudeste;2;4;0;0;0;0;0
Sudeste;2;4;0;0;1;0;0
Sudeste;2;4;0;0;1;0;0
Sudeste;2;4;0;0;1;0;0
Sudeste;2;4;0;0;2;0;0
Sudeste;2;5;0;0;1;0;0
Sudeste;2;5;0;0;6;0;0
Sudeste;2;4;0;0;2;0;0
Sudeste;2;2;0;0;5;1;0
Sudeste;2;2;0;0;0;0;0
Sudeste;2;2;0;0;5;0;0
Sudeste;2;2;0;0;4;0;0
Sudeste;2;4;0;0;1;0;0
Sudeste;2;2;0;0;4;0;0
Sudeste;2;2;0;0;6;0;0
Sudeste;2;2;0;0;18;2;0
Sudeste;2;4;0;0;0;0;0
Sudeste;2;4;0;0;1;0;0
Sudeste;2;4;0;0;1;0;0
Sudeste;2;4;0;0;2;0;0
Sudeste;2;4;0;0;0;1;0
Sudeste;2;5;0;0;1;0;0
Sudeste;2;5;0;0;1;0;0
Sudeste;2;4;0;0;1;0;0
Sudeste;2;4;0;0;5;0;0
Sudeste;2;5;0;0;0;1;0
Sudeste;2;2;0;0;4;0;0
Sudeste;2;4;0;0;1;0;0
Sudeste;2;2;0;0;1;0;0
Sudeste;2;4;0;0;0;0;0
Sudeste;2;2;0;0;5;0;0
Sudeste;2;5;0;0;1;0;0
Sudeste;2;2;0;0;2;1;0
Sudeste;2;2;0;0;23;3;0
Sudeste;2;4;0;0;0;0;0
Sudeste;2;4;0;0;4;0;0
Sudeste;2;4;0;0;1;0;0
Sudeste;2;4;0;0;0;0;0
Sudeste;2;4;0;0;1;0;0
Sudeste;2;4;0;0;1;0;0
Sudeste;2;4;0;0;1;0;0
Sudeste;2;4;0;0;1;0;0
Sudeste;2;4;0;0;1;0;0
Sudeste;2;4;0;0;2;0;0
Sudeste;2;2;0;0;4;0;0
Sudeste;2;2;0;0;6;0;0
Sudeste;2;2;0;0;8;2;0
Sudeste;2;4;0;0;1;0;0
Sudeste;2;4;0;0;1;0;0
Sudeste;2;2;0;0;9;0;0
Sudeste;2;4;0;0;0;0;0
Sudeste;2;4;0;0;2;0;0
Sudeste;2;4;0;0;0;0;0
Sudeste;2;2;0;0;6;0;0
Sudeste;2;4;0;0;1;0;0
Sudeste;2;2;0;0;6;1;0
Sudeste;2;4;0;0;1;0;0
Sudeste;2;2;0;0;4;0;0
Sudeste;2;4;0;0;1;0;0
Sudeste;2;4;0;0;0;0;0
Sudeste;1;2;92;80;93;25;281
Sudeste;2;2;0;0;26;2;0
Sudeste;2;4;0;0;5;0;0
Sudeste;2;4;0;0;5;0;0
Sudeste;2;4;0;0;4;0;0
Sudeste;2;4;0;0;1;0;0
Sudeste;2;4;0;0;0;0;0
Sudeste;2;4;0;0;4;0;0
Sudeste;2;4;0;0;2;0;0
Sudeste;2;4;0;0;0;0;0
Sudeste;2;5;0;0;1;2;0
Sudeste;2;5;0;0;5;1;0
Sudeste;2;5;0;0;4;0;0
Sudeste;2;2;0;0;3;4;0
Sudeste;2;4;0;0;1;0;0
Sudeste;1;5;73;70;28;0;119
Sudeste;2;2;0;0;26;6;0
Sudeste;2;4;0;0;0;0;0
Sudeste;2;4;0;0;2;1;0
Sudeste;2;4;0;0;13;0;0
Sudeste;2;4;0;0;4;0;0
Sudeste;2;4;0;0;1;1;0
Sudeste;2;4;0;0;15;4;0
Sudeste;2;4;0;0;7;6;0
Sudeste;2;4;0;0;0;0;0
Sudeste;2;4;0;0;5;0;0
Sudeste;2;5;0;0;1;0;0
Sudeste;2;5;0;0;2;1;0
Sudeste;2;5;0;0;3;0;0
Sudeste;2;5;0;0;6;0;0
Sudeste;2;4;0;0;1;0;0
Sudeste;2;4;0;0;17;0;0
Sudeste;2;4;0;0;5;0;0
Sudeste;2;4;0;0;1;0;0
Sudeste;2;4;0;0;10;0;0
Sudeste;2;4;0;0;2;0;0
Sudeste;2;4;0;0;1;0;0
Sudeste;2;4;0;0;3;3;0
Sudeste;2;4;0;0;11;3;0
Sudeste;2;4;0;0;3;1;0
Sudeste;2;4;0;0;5;0;0
Sudeste;2;4;0;0;2;0;0
Sudeste;2;4;0;0;4;1;0
Sudeste;2;4;0;0;2;0;0
Sudeste;2;4;0;0;8;0;0
Sudeste;2;4;0;0;6;0;0
Sudeste;2;4;0;0;8;0;0
Sudeste;2;4;0;0;0;0;0
Sudeste;2;4;0;0;1;0;0
Sudeste;2;5;0;0;1;0;0
Sudeste;2;5;0;0;7;2;0
Sudeste;2;5;0;0;2;0;0
Sudeste;2;2;0;0;1;0;0
Sudeste;2;4;0;0;0;0;0
Sudeste;1;2;83;80;83;0;200
Sudeste;2;2;0;0;26;10;0
Sudeste;2;4;0;0;0;1;0
Sudeste;2;4;0;0;2;0;0
Sudeste;2;4;0;0;3;0;0
Sudeste;2;4;0;0;1;0;0
Sudeste;2;4;0;0;2;2;0
Sudeste;2;4;0;0;0;1;0
Sudeste;2;4;0;0;3;0;0
Sudeste;2;4;0;0;1;0;0
Sudeste;2;4;0;0;0;1;0
Sudeste;2;5;0;0;0;1;0
Sudeste;2;5;0;0;4;0;0
Sudeste;2;5;0;0;2;0;0
Sudeste;2;5;0;0;29;0;0
Sudeste;2;5;0;0;33;0;0
Sudeste;2;4;0;0;3;1;0
Sudeste;2;4;0;0;1;0;0
Sudeste;2;4;0;0;3;1;0
Sudeste;2;4;0;0;12;0;0
Sudeste;2;4;0;0;1;0;0
Sudeste;2;4;0;0;4;0;0
Sudeste;2;4;0;0;1;0;0
Sudeste;2;4;0;0;0;0;0
Sudeste;2;4;0;0;2;0;0
Sudeste;2;4;0;0;2;0;0
Sudeste;2;4;0;0;0;1;0
Sudeste;2;4;0;0;8;0;0
Sudeste;2;5;0;0;0;0;0
Sudeste;2;2;0;0;2;0;0
Sudeste;2;2;0;0;1;0;0
Sudeste;2;2;0;0;1;0;0
Sudeste;2;2;0;0;5;0;0
Sudeste;2;4;0;0;1;0;0
Sudeste;2;2;0;0;8;0;0
Sudeste;2;4;0;0;0;0;0
Sudeste;2;4;0;0;1;0;0
Sudeste;2;4;0;0;0;0;0
Sudeste;2;2;0;0;24;1;0
Sudeste;2;4;0;0;0;0;0
Sudeste;2;4;0;0;0;0;0
Sudeste;2;4;0;0;1;0;0
Sudeste;2;4;0;0;2;0;0
Sudeste;2;2;0;0;3;2;0
Sudeste;2;2;0;0;3;0;0
Sudeste;2;2;0;0;8;0;0
Sudeste;1;5;281;280;23;0;119
Sudeste;1;5;0;0;0;1;0
Sudeste;2;2;0;0;55;7;0
Sudeste;2;4;0;0;1;0;0
Sudeste;2;4;0;0;4;0;0
Sudeste;2;4;0;0;5;0;0
Sudeste;2;4;0;0;15;2;0
Sudeste;2;4;0;0;5;0;0
Sudeste;2;4;0;0;0;2;0
Sudeste;2;4;0;0;4;1;0
Sudeste;2;4;0;0;4;0;0
Sudeste;2;4;0;0;14;2;0
Sudeste;2;4;0;0;4;0;0
Sudeste;2;4;0;0;0;0;0
Sudeste;2;4;0;0;3;1;0
Sudeste;2;5;0;0;1;0;0
Sudeste;2;5;0;0;2;0;0
Sudeste;2;5;0;0;25;0;0
Sudeste;2;5;0;0;3;0;0
Sudeste;2;5;0;0;5;0;0
Sudeste;2;4;0;0;1;0;0
Sudeste;2;4;0;0;1;0;0
Sudeste;2;4;0;0;2;0;0
Sudeste;2;4;0;0;5;0;0
Sudeste;2;4;0;0;2;0;0
Sudeste;2;4;0;0;3;0;0
Sudeste;2;4;0;0;9;0;0
Sudeste;2;4;0;0;0;1;0
Sudeste;2;4;0;0;1;0;0
Sudeste;2;4;0;0;2;0;0
Sudeste;2;4;0;0;3;0;0
Sudeste;2;4;0;0;1;0;0
Sudeste;2;4;0;0;1;0;0
Sudeste;2;4;0;0;7;0;0
Sudeste;2;4;0;0;3;0;0
Sudeste;2;4;0;0;0;0;0
Sudeste;2;4;0;0;13;0;0
Sudeste;2;5;0;0;1;1;0
Sudeste;2;2;0;0;0;0;0
Sudeste;2;2;0;0;19;4;0
Sudeste;2;4;0;0;1;0;0
Sudeste;2;4;0;0;1;0;0
Sudeste;2;4;0;0;5;0;0
Sudeste;2;4;0;0;0;0;0
Sudeste;2;4;0;0;0;0;0
Sudeste;2;4;0;0;0;0;0
Sudeste;2;4;0;0;4;0;0
Sudeste;2;4;0;0;0;0;0
Sudeste;2;4;0;0;0;0;0
Sudeste;2;4;0;0;2;0;0
Sudeste;2;4;0;0;3;0;0
Sudeste;2;4;0;0;0;0;0
Sudeste;2;4;0;0;5;0;0
Sudeste;2;4;0;0;1;2;0
Sudeste;2;4;0;0;4;0;0
Sudeste;2;2;0;0;21;2;0
Sudeste;2;4;0;0;0;0;0
Sudeste;2;4;0;0;4;0;0
Sudeste;2;4;0;0;0;1;0
Sudeste;2;4;0;0;2;0;0
Sudeste;2;4;0;0;2;0;0
Sudeste;2;4;0;0;0;0;0
Sudeste;2;4;0;0;1;0;0
Sudeste;2;4;0;0;2;3;0
Sudeste;2;4;0;0;3;0;0
Sudeste;2;5;0;0;1;1;0
Sudeste;2;5;0;0;1;0;0
Sudeste;2;4;0;0;1;0;0
Sudeste;2;4;0;0;0;1;0
Sudeste;2;4;0;0;0;4;0
Sudeste;2;4;0;0;3;0;0
Sudeste;2;4;0;0;0;0;0
Sudeste;2;4;0;0;0;0;0
Sudeste;2;4;0;0;0;0;0
Sudeste;2;4;0;0;1;0;0
Sudeste;2;4;0;0;1;0;0
Sudeste;2;4;0;0;2;0;0
Sudeste;2;4;0;0;2;1;0
Sudeste;2;5;0;0;2;0;0
Sudeste;2;2;0;0;23;7;0
Sudeste;2;4;0;0;2;0;0
Sudeste;2;4;0;0;9;0;0
Sudeste;2;4;0;0;5;1;0
Sudeste;2;4;0;0;1;0;0
Sudeste;2;4;0;0;2;0;0
Sudeste;2;4;0;0;15;1;0
Sudeste;2;4;0;0;5;2;0
Sudeste;2;4;0;0;7;2;0
Sudeste;2;4;0;0;13;0;0
Sudeste;2;4;0;0;4;7;0
Sudeste;2;4;0;0;4;1;0
Sudeste;2;5;0;0;7;2;0
Sudeste;2;5;0;0;8;3;0
Sudeste;2;5;0;0;39;2;0
Sudeste;2;5;0;0;3;0;0
Sudeste;2;4;0;0;0;0;0
Sudeste;2;4;0;0;3;0;0
Sudeste;2;4;0;0;1;0;0
Sudeste;2;4;0;0;2;0;0
Sudeste;2;4;0;0;0;1;0
Sudeste;2;4;0;0;4;2;0
Sudeste;2;4;0;0;1;2;0
Sudeste;2;4;0;0;5;0;0
Sudeste;2;4;0;0;1;0;0
Sudeste;2;4;0;0;2;0;0
Sudeste;2;4;0;0;1;0;0
Sudeste;2;4;0;0;4;1;0
Sudeste;2;4;0;0;0;1;0
Sudeste;2;4;0;0;7;2;0
Sudeste;2;4;0;0;0;0;0
Sudeste;2;4;0;0;1;0;0
Sudeste;2;4;0;0;18;0;0
Sudeste;2;5;0;0;5;0;0
Sudeste;2;5;0;0;3;1;0
Sudeste;1;3;60;60;2;0;19
Sudeste;2;2;0;0;32;3;0
Sudeste;2;4;0;0;2;0;0
Sudeste;2;4;0;0;2;0;0
Sudeste;2;4;0;0;0;0;0
Sudeste;2;4;0;0;1;0;0
Sudeste;2;4;0;0;6;2;0
Sudeste;2;4;0;0;6;0;0
Sudeste;2;4;0;0;0;0;0
Sudeste;2;4;0;0;1;2;0
Sudeste;2;5;0;0;0;0;0
Sudeste;2;5;0;0;1;0;0
Sudeste;2;5;0;0;2;0;0
Sudeste;2;5;0;0;3;0;0
Sudeste;2;4;0;0;0;0;0
Sudeste;2;4;0;0;0;0;0
Sudeste;2;4;0;0;1;0;0
Sudeste;2;4;0;0;1;1;0
Sudeste;2;4;0;0;2;0;0
Sudeste;2;4;0;0;1;0;0
Sudeste;2;4;0;0;1;0;0
Sudeste;2;4;0;0;1;0;0
Sudeste;2;5;0;0;1;0;0
Sudeste;1;2;23;20;22;0;236
Sudeste;1;2;56;40;54;15;215
Sudeste;2;2;0;0;27;4;0
Sudeste;2;4;0;0;1;0;0
Sudeste;2;4;0;0;1;0;0
Sudeste;2;4;0;0;3;1;0
Sudeste;2;4;0;0;2;0;0
Sudeste;2;4;0;0;1;0;0
Sudeste;2;4;0;0;0;1;0
Sudeste;2;4;0;0;5;1;0
Sudeste;2;4;0;0;3;0;0
Sudeste;2;4;0;0;1;0;0
Sudeste;2;4;0;0;4;0;0
Sudeste;2;4;0;0;1;0;0
Sudeste;2;4;0;0;0;0;0
Sudeste;2;4;0;0;1;1;0
Sudeste;2;4;0;0;1;0;0
Sudeste;2;4;0;0;1;0;0
Sudeste;2;4;0;0;1;0;0
Sudeste;2;4;0;0;7;0;0
Sudeste;2;4;0;0;2;1;0
Sudeste;2;4;0;0;7;0;0
Sudeste;2;4;0;0;2;0;0
Sudeste;2;5;0;0;2;1;0
Sudeste;2;5;0;0;2;0;0
Sudeste;2;4;0;0;1;0;0
Sudeste;2;4;0;0;1;0;0
Sudeste;2;4;0;0;1;0;0
Sudeste;2;4;0;0;1;0;0
Sudeste;2;2;0;0;5;1;0
Sudeste;2;2;0;0;5;0;0
Sudeste;2;4;0;0;1;0;0
Sudeste;2;4;0;0;1;0;0
Sudeste;2;4;0;0;0;0;0
Sudeste;2;2;0;0;28;3;0
Sudeste;2;4;0;0;3;0;0
Sudeste;2;4;0;0;2;0;0
Sudeste;2;4;0;0;0;2;0
Sudeste;2;4;0;0;0;0;0
Sudeste;2;4;0;0;1;0;0
Sudeste;2;4;0;0;6;1;0
Sudeste;2;5;0;0;1;0;0
Sudeste;2;5;0;0;0;0;0
Sudeste;2;4;0;0;1;0;0
Sudeste;2;4;0;0;2;0;0
Sudeste;2;4;0;0;4;0;0
Sudeste;2;4;0;0;4;0;0
Sudeste;2;4;0;0;0;0;0
Sudeste;2;4;0;0;1;0;0
Sudeste;2;4;0;0;2;0;0
Sudeste;2;4;0;0;6;0;0
Sudeste;2;4;0;0;1;0;0
Sudeste;2;4;0;0;1;0;0
Sudeste;2;4;0;0;0;0;0
Sudeste;2;4;0;0;1;0;0
Sudeste;2;5;0;0;1;0;0
Sudeste;2;5;0;0;1;1;0
Sudeste;1;2;122;80;122;32;122
Sudeste;2;2;0;0;38;5;0
Sudeste;2;4;0;0;1;0;0
Sudeste;2;4;0;0;3;4;0
Sudeste;2;4;0;0;6;0;0
Sudeste;2;4;0;0;5;0;0
Sudeste;2;4;0;0;12;2;0
Sudeste;2;4;0;0;6;0;0
Sudeste;2;4;0;0;1;2;0
Sudeste;2;4;0;0;3;2;0
Sudeste;2;4;0;0;5;0;0
Sudeste;2;4;0;0;8;4;0
Sudeste;2;4;0;0;0;0;0
Sudeste;2;4;0;0;1;0;0
Sudeste;2;4;0;0;5;1;0
Sudeste;2;5;0;0;1;0;0
Sudeste;2;5;0;0;0;0;0
Sudeste;2;5;0;0;3;0;0
Sudeste;2;5;0;0;1;0;0
Sudeste;2;5;0;0;5;0;0
Sudeste;2;4;0;0;0;0;0
Sudeste;2;4;0;0;2;0;0
Sudeste;2;4;0;0;1;0;0
Sudeste;2;4;0;0;1;0;0
Sudeste;2;4;0;0;1;0;0
Sudeste;2;4;0;0;3;0;0
Sudeste;2;4;0;0;0;0;0
Sudeste;2;4;0;0;0;0;0
Sudeste;2;4;0;0;3;0;0
Sudeste;2;4;0;0;4;0;0
Sudeste;2;4;0;0;0;3;0
Sudeste;2;4;0;0;0;0;0
Sudeste;2;4;0;0;2;1;0
Sudeste;2;4;0;0;2;0;0
Sudeste;2;4;0;0;7;0;0
Sudeste;2;4;0;0;11;2;0
Sudeste;2;4;0;0;1;0;0
Sudeste;2;4;0;0;1;0;0
Sudeste;2;4;0;0;1;0;0
Sudeste;2;4;0;0;0;0;0
Sudeste;2;4;0;0;19;0;0
Sudeste;2;5;0;0;1;0;0
Sudeste;2;5;0;0;3;3;0
Sudeste;2;5;0;0;1;0;0
Sudeste;2;2;0;0;14;4;0
Sudeste;2;4;0;0;0;0;0
Sudeste;2;4;0;0;1;0;0
Sudeste;2;4;0;0;1;1;0
Sudeste;2;4;0;0;2;0;0
Sudeste;2;4;0;0;0;0;0
Sudeste;2;4;0;0;3;0;0
Sudeste;2;4;0;0;0;0;0
Sudeste;2;4;0;0;1;0;0
Sudeste;2;4;0;0;0;0;0
Sudeste;2;4;0;0;1;0;0
Sudeste;2;4;0;0;1;0;0
Sudeste;2;5;0;0;0;0;0
Sudeste;2;2;0;0;5;0;0
Sudeste;2;2;0;0;0;0;0
Sudeste;2;4;0;0;1;0;0
Sudeste;2;5;0;0;0;0;0
Sudeste;2;4;0;0;1;0;0
Sudeste;2;4;0;0;1;0;0
Sudeste;2;2;0;0;6;0;0
Sudeste;1;4;15;13;15;4;45
Sudeste;1;4;0;0;0;0;0
Sudeste;1;4;12;7;12;9;25
Sudeste;1;4;17;15;17;0;45
Sudeste;1;5;326;301;50;10;198
Sudeste;1;5;291;280;10;7;92
Sudeste;1;5;42;42;34;15;68
Sudeste;1;4;150;150;0;49;150
Sudeste;1;4;450;450;3;0;450
Sudeste;1;4;600;200;96;0;332
Sudeste;1;4;50;50;23;0;89
Sudeste;1;4;320;240;29;0;38
Sudeste;1;4;100;100;0;0;55
Sudeste;1;5;205;200;19;6;23
Sudeste;1;2;87;80;87;0;147
Sudeste;1;4;220;120;23;0;550
Sudeste;1;4;150;100;0;0;10
Sudeste;1;5;135;120;68;67;85
Sudeste;2;2;0;0;830;126;0
Sudeste;2;4;0;0;23;3;0
Sudeste;2;4;0;0;59;9;0
Sudeste;2;4;0;0;20;5;0
Sudeste;2;4;0;0;30;6;0
Sudeste;2;4;0;0;46;16;0
Sudeste;2;4;0;0;95;24;0
Sudeste;2;4;0;0;21;1;0
Sudeste;2;4;0;0;125;9;0
Sudeste;2;4;0;0;43;2;0
Sudeste;2;4;0;0;74;22;0
Sudeste;2;4;0;0;108;26;0
Sudeste;2;4;0;0;6;0;0
Sudeste;2;4;0;0;2;0;0
Sudeste;2;4;0;0;0;0;0
Sudeste;2;4;0;0;149;82;0
Sudeste;2;4;0;0;3;1;0
Sudeste;2;4;0;0;5;0;0
Sudeste;2;4;0;0;1;0;0
Sudeste;2;4;0;0;0;0;0
Sudeste;2;4;0;0;1;0;0
Sudeste;2;4;0;0;0;0;0
Sudeste;2;4;0;0;1;0;0
Sudeste;2;4;0;0;4;0;0
Sudeste;2;4;0;0;27;3;0
Sudeste;2;5;0;0;1;0;0
Sudeste;2;5;0;0;157;47;0
Sudeste;2;5;0;0;151;43;0
Sudeste;2;5;0;0;24;3;0
Sudeste;2;5;0;0;1;0;0
Sudeste;2;5;0;0;32;0;0
Sudeste;2;5;0;0;95;0;0
Sudeste;2;5;0;0;0;2;0
Sudeste;2;4;0;0;6;0;0
Sudeste;2;4;0;0;16;0;0
Sudeste;2;4;0;0;4;0;0
Sudeste;2;4;0;0;1;0;0
Sudeste;2;4;0;0;9;0;0
Sudeste;2;4;0;0;8;2;0
Sudeste;2;4;0;0;5;1;0
Sudeste;2;4;0;0;10;142;0
Sudeste;2;4;0;0;413;0;0
Sudeste;2;4;0;0;12;0;0
Sudeste;2;4;0;0;69;0;0
Sudeste;2;4;0;0;33;0;0
Sudeste;2;4;0;0;1;0;0
Sudeste;2;4;0;0;2;0;0
Sudeste;2;4;0;0;2;0;0
Sudeste;2;4;0;0;39;4;0
Sudeste;2;4;0;0;67;3;0
Sudeste;2;4;0;0;55;44;0
Sudeste;2;4;0;0;130;16;0
Sudeste;2;4;0;0;25;3;0
Sudeste;2;4;0;0;5;0;0
Sudeste;2;4;0;0;12;9;0
Sudeste;2;4;0;0;4;0;0
Sudeste;2;4;0;0;20;0;0
Sudeste;2;4;0;0;67;2;0
Sudeste;2;4;0;0;37;3;0
Sudeste;2;4;0;0;102;6;0
Sudeste;2;4;0;0;7;0;0
Sudeste;2;4;0;0;22;0;0
Sudeste;2;4;0;0;3;0;0
Sudeste;2;4;0;0;104;0;0
Sudeste;2;4;0;0;1;0;0
Sudeste;2;4;0;0;13;0;0
Sudeste;2;4;0;0;5;0;0
Sudeste;2;4;0;0;2;1;0
Sudeste;2;4;0;0;1;1;0
Sudeste;2;4;0;0;2;0;0
Sudeste;2;4;0;0;5;0;0
Sudeste;2;4;0;0;201;0;0
Sudeste;2;5;0;0;1;0;0
Sudeste;2;5;0;0;109;6;0
Sudeste;2;5;0;0;64;25;0
Sudeste;2;5;0;0;4;0;0
Sudeste;2;4;0;0;5;2;0
Sudeste;2;4;0;0;15;0;0
Sudeste;2;5;0;0;313;1;0
Sudeste;2;2;0;0;4;0;0
Sudeste;2;4;0;0;0;0;0
Sudeste;2;4;0;0;2;0;0
Sudeste;2;2;0;0;1;0;0
Sudeste;2;2;0;0;14;0;0
Sudeste;2;4;0;0;0;0;0
Sudeste;2;4;0;0;0;0;0
Sudeste;2;4;0;0;1;4;0
Sudeste;2;4;0;0;0;0;0
Sudeste;2;4;0;0;1;1;0
Sudeste;2;4;0;0;1;0;0
Sudeste;2;4;0;0;1;0;0
Sudeste;2;2;0;0;10;2;0
Sudeste;2;4;0;0;1;0;0
Sudeste;2;4;0;0;1;0;0
Sudeste;2;2;0;0;3;1;0
Sudeste;2;2;0;0;24;4;0
Sudeste;2;4;0;0;1;0;0
Sudeste;2;4;0;0;3;0;0
Sudeste;2;4;0;0;0;1;0
Sudeste;2;4;0;0;1;0;0
Sudeste;2;4;0;0;1;0;0
Sudeste;2;4;0;0;4;0;0
Sudeste;2;5;0;0;1;0;0
Sudeste;2;4;0;0;1;0;0
Sudeste;2;4;0;0;0;0;0
Sudeste;2;4;0;0;1;0;0
Sudeste;2;4;0;0;2;0;0
Sudeste;2;2;0;0;0;0;0
Sudeste;2;4;0;0;3;0;0
Sudeste;2;4;0;0;7;0;0
Sudeste;2;4;0;0;0;0;0
Sudeste;2;4;0;0;1;1;0
Sudeste;2;4;0;0;3;0;0
Sudeste;2;4;0;0;2;0;0
Sudeste;2;4;0;0;16;1;0
Sudeste;2;4;0;0;3;0;0
Sudeste;2;4;0;0;2;1;0
Sudeste;2;4;0;0;3;0;0
Sudeste;2;4;0;0;2;4;0
Sudeste;2;4;0;0;3;0;0
Sudeste;2;5;0;0;3;0;0
Sudeste;2;5;0;0;0;0;0
Sudeste;2;4;0;0;1;0;0
Sudeste;2;4;0;0;1;0;0
Sudeste;2;4;0;0;0;0;0
Sudeste;2;4;0;0;2;0;0
Sudeste;2;4;0;0;2;0;0
Sudeste;2;4;0;0;1;0;0
Sudeste;2;4;0;0;0;0;0
Sudeste;2;4;0;0;46;0;0
Sudeste;2;5;0;0;1;0;0
Sudeste;2;5;0;0;1;3;0
Sudeste;2;2;0;0;3;0;0
Sudeste;2;2;0;0;5;0;0
Sudeste;2;4;0;0;1;0;0
Sudeste;2;2;0;0;5;0;0
Sudeste;2;4;0;0;1;0;0
Sudeste;2;2;0;0;3;3;0
Sudeste;2;2;0;0;8;1;0
Sudeste;2;4;0;0;1;0;0
Sudeste;2;4;0;0;1;0;0
Sudeste;2;4;0;0;0;1;0
Sudeste;2;4;0;0;2;0;0
Sudeste;2;2;0;0;2;0;0
Sudeste;2;2;0;0;4;1;0
Sudeste;2;2;0;0;5;0;0
Sudeste;2;2;0;0;3;2;0
Sudeste;2;2;0;0;21;0;0
Sudeste;2;4;0;0;2;0;0
Sudeste;2;4;0;0;0;1;0
Sudeste;2;4;0;0;1;0;0
Sudeste;2;4;0;0;2;0;0
Sudeste;2;4;0;0;0;0;0
Sudeste;2;4;0;0;5;0;0
Sudeste;2;4;0;0;1;0;0
Sudeste;2;2;0;0;16;0;0
Sudeste;2;4;0;0;2;0;0
Sudeste;2;4;0;0;1;0;0
Sudeste;2;4;0;0;5;2;0
Sudeste;2;4;0;0;1;0;0
Sudeste;2;4;0;0;0;0;0
Sudeste;2;4;0;0;4;0;0
Sudeste;2;4;0;0;1;0;0
Sudeste;2;4;0;0;3;0;0
Sudeste;2;5;0;0;2;0;0
Sudeste;2;4;0;0;1;0;0
Sudeste;2;4;0;0;1;0;0
Sudeste;2;4;0;0;1;0;0
Sudeste;2;4;0;0;1;0;0
Sudeste;2;4;0;0;2;0;0
Sudeste;2;4;0;0;3;1;0
Sudeste;2;4;0;0;1;0;0
Sudeste;2;4;0;0;1;0;0
Sudeste;2;2;0;0;4;0;0
Sudeste;2;2;0;0;7;0;0
Sudeste;2;4;0;0;0;0;0
Sudeste;2;2;0;0;4;0;0
Sudeste;2;2;0;0;12;1;0
Sudeste;2;4;0;0;1;0;0
Sudeste;2;4;0;0;1;0;0
Sudeste;2;2;0;0;8;0;0
Sudeste;2;4;0;0;1;0;0
Sudeste;2;4;0;0;2;0;0
Sudeste;2;4;0;0;0;0;0
Sudeste;2;4;0;0;2;0;0
Sudeste;2;4;0;0;1;0;0
Sudeste;2;4;0;0;1;0;0
Sudeste;2;4;0;0;1;0;0
Sudeste;2;4;0;0;2;0;0
Sudeste;2;2;0;0;18;0;0
Sudeste;2;4;0;0;0;0;0
Sudeste;2;4;0;0;0;0;0
Sudeste;2;4;0;0;1;1;0
Sudeste;2;4;0;0;3;0;0
Sudeste;2;4;0;0;0;0;0
Sudeste;2;4;0;0;1;0;0
Sudeste;2;4;0;0;1;0;0
Sudeste;2;2;0;0;4;0;0
Sudeste;2;2;0;0;16;5;0
Sudeste;2;4;0;0;3;0;0
Sudeste;2;4;0;0;8;0;0
Sudeste;2;4;0;0;4;0;0
Sudeste;2;4;0;0;1;1;0
Sudeste;2;4;0;0;1;0;0
Sudeste;2;4;0;0;0;0;0
Sudeste;2;4;0;0;0;0;0
Sudeste;2;4;0;0;1;0;0
Sudeste;2;4;0;0;1;0;0
Sudeste;2;4;0;0;1;0;0
Sudeste;2;2;0;0;2;0;0
Sudeste;2;4;0;0;0;0;0
Sudeste;2;2;0;0;11;1;0
Sudeste;2;4;0;0;1;0;0
Sudeste;2;4;0;0;1;0;0
Sudeste;2;4;0;0;0;0;0
Sudeste;2;4;0;0;0;0;0
Sudeste;2;2;0;0;4;1;0
Sudeste;2;2;0;0;6;0;0
Sudeste;2;2;0;0;14;1;0
Sudeste;2;4;0;0;1;0;0
Sudeste;2;4;0;0;1;0;0
Sudeste;2;4;0;0;1;0;0
Sudeste;2;4;0;0;0;0;0
Sudeste;2;4;0;0;1;0;0
Sudeste;2;4;0;0;0;0;0
Sudeste;2;5;0;0;1;0;0
Sudeste;2;2;0;0;7;1;0
Sudeste;2;4;0;0;1;0;0
Sudeste;2;2;0;0;13;4;0
Sudeste;2;4;0;0;1;0;0
Sudeste;2;4;0;0;1;0;0
Sudeste;2;4;0;0;1;0;0
Sudeste;2;4;0;0;2;0;0
Sudeste;2;5;0;0;1;0;0
Sudeste;2;4;0;0;0;0;0
Sudeste;2;4;0;0;0;0;0
Sudeste;2;4;0;0;1;0;0
Sudeste;2;4;0;0;0;0;0
Sudeste;2;2;0;0;16;1;0
Sudeste;2;4;0;0;1;0;0
Sudeste;2;4;0;0;1;0;0
Sudeste;2;5;0;0;1;0;0
Sudeste;2;2;0;0;0;2;0
Sudeste;2;4;0;0;0;0;0
Sudeste;2;4;0;0;6;0;0
Sudeste;2;4;0;0;0;0;0
Sudeste;2;4;0;0;1;0;0
Sudeste;2;2;0;0;3;0;0
Sul;2;4;0;0;1;1;0
Sul;2;4;0;0;1;0;0
Sul;2;4;0;0;0;0;0
Sul;2;4;0;0;0;0;0
Sul;2;5;0;0;0;0;0
Sul;2;4;0;0;0;1;0
Sul;2;4;0;0;2;0;0
Sul;2;4;0;0;0;0;0
Sul;2;4;0;0;2;1;0
Sul;2;4;0;0;2;1;0
Sul;2;4;0;0;1;1;0
Sul;2;4;0;0;1;0;0
Sul;2;4;0;0;1;0;0
Sul;2;4;0;0;3;0;0
Sul;2;4;0;0;1;0;0
Sul;2;4;0;0;1;0;0
Sul;2;4;0;0;1;0;0
Sul;2;4;0;0;1;0;0
Sul;2;4;0;0;4;0;0
Sul;2;4;0;0;3;0;0
Sul;2;4;0;0;0;0;0
Sul;2;4;0;0;1;0;0
Sul;2;4;0;0;0;0;0
Sul;2;4;0;0;2;0;0
Sul;2;4;0;0;3;0;0
Sul;2;4;0;0;1;0;0
Sul;2;4;0;0;1;0;0
Sul;2;4;0;0;1;0;0
Sul;2;4;0;0;1;0;0
Sul;2;4;0;0;2;0;0
Sul;2;4;0;0;0;0;0
Sul;2;4;0;0;0;0;0
Sul;2;4;0;0;2;0;0
Sul;2;4;0;0;0;0;0
Sul;2;4;0;0;1;0;0
Sul;2;4;0;0;0;0;0
Sul;2;4;0;0;1;0;0
Sul;2;5;0;0;1;0;0
Sul;2;4;0;0;2;0;0
Sul;2;4;0;0;1;0;0
Sul;2;4;0;0;0;0;0
Sul;2;4;0;0;1;0;0
Sul;2;4;0;0;0;1;0
Sul;2;4;0;0;1;0;0
Sul;2;4;0;0;1;0;0
Sul;2;4;0;0;0;0;0
Sul;2;4;0;0;4;1;0
Sul;2;4;0;0;3;0;0
Sul;2;4;0;0;1;0;0
Sul;2;4;0;0;3;0;0
Sul;2;4;0;0;1;0;0
Sul;2;4;0;0;1;0;0
Sul;2;4;0;0;0;2;0
Sul;2;4;0;0;1;1;0
Sul;2;4;0;0;3;1;0
Sul;2;4;0;0;0;0;0
Sul;2;4;0;0;0;1;0
Sul;2;4;0;0;0;1;0
Sul;2;4;0;0;1;0;0
Sul;2;4;0;0;1;0;0
Sul;2;4;0;0;1;0;0
Sul;2;4;0;0;0;0;0
Sul;2;4;0;0;3;2;0
Sul;2;4;0;0;1;0;0
Sul;2;4;0;0;2;0;0
Sul;2;4;0;0;0;0;0
Sul;2;4;0;0;5;1;0
Sul;2;4;0;0;0;2;0
Sul;2;4;0;0;0;0;0
Sul;2;4;0;0;1;0;0
Sul;2;4;0;0;1;0;0
Sul;2;4;0;0;5;2;0
Sul;2;5;0;0;0;0;0
Sul;2;4;0;0;1;0;0
Sul;2;4;0;0;1;0;0
Sul;2;4;0;0;3;0;0
Sul;2;4;0;0;1;0;0
Sul;2;4;0;0;1;0;0
Sul;2;4;0;0;5;0;0
Sul;2;4;0;0;5;0;0
Sul;2;4;0;0;0;0;0
Sul;2;5;0;0;1;0;0
Sul;2;4;0;0;0;1;0
Sul;2;4;0;0;1;0;0
Sul;2;4;0;0;0;1;0
Sul;2;4;0;0;0;0;0
Sul;2;4;0;0;0;1;0
Sul;2;4;0;0;2;0;0
Sul;2;4;0;0;1;1;0
Sul;2;4;0;0;1;0;0
Sul;2;4;0;0;0;0;0
Sul;2;4;0;0;2;0;0
Sul;2;4;0;0;2;0;0
Sul;2;4;0;0;3;0;0
Sul;2;4;0;0;1;0;0
Sul;2;4;0;0;1;0;0
Sul;2;4;0;0;1;0;0
Sul;2;4;0;0;0;0;0
Sul;2;4;0;0;1;0;0
Sul;2;4;0;0;0;0;0
Sul;2;4;0;0;2;0;0
Sul;2;4;0;0;6;0;0
Sul;2;4;0;0;1;0;0
Sul;2;4;0;0;1;0;0
Sul;2;4;0;0;0;0;0
Sul;2;4;0;0;3;0;0
Sul;2;4;0;0;0;0;0
Sul;2;4;0;0;4;0;0
Sul;2;4;0;0;2;0;0
Sul;2;4;0;0;3;0;0
Sul;1;5;125;50;26;0;81
Sul;2;4;0;0;9;1;0
Sul;2;4;0;0;37;5;0
Sul;2;4;0;0;3;0;0
Sul;2;4;0;0;7;0;0
Sul;2;4;0;0;0;0;0
Sul;2;4;0;0;17;1;0
Sul;2;4;0;0;13;2;0
Sul;2;4;0;0;3;0;0
Sul;2;4;0;0;5;2;0
Sul;2;4;0;0;2;0;0
Sul;2;4;0;0;6;0;0
Sul;2;4;0;0;8;3;0
Sul;2;4;0;0;32;6;0
Sul;2;4;0;0;1;0;0
Sul;2;4;0;0;22;3;0
Sul;2;5;0;0;1;0;0
Sul;2;5;0;0;1;0;0
Sul;2;5;0;0;212;14;0
Sul;2;5;0;0;3;0;0
Sul;2;5;0;0;0;0;0
Sul;2;4;0;0;1;0;0
Sul;2;4;0;0;4;0;0
Sul;2;4;0;0;1;0;0
Sul;2;4;0;0;9;0;0
Sul;2;4;0;0;3;0;0
Sul;2;4;0;0;1;0;0
Sul;2;4;0;0;3;3;0
Sul;2;4;0;0;1;0;0
Sul;2;4;0;0;0;0;0
Sul;2;4;0;0;2;0;0
Sul;2;4;0;0;1;0;0
Sul;2;4;0;0;1;0;0
Sul;2;4;0;0;5;2;0
Sul;2;4;0;0;1;0;0
Sul;2;4;0;0;4;0;0
Sul;2;4;0;0;8;1;0
Sul;2;4;0;0;50;5;0
Sul;2;4;0;0;21;0;0
Sul;2;4;0;0;99;7;0
Sul;2;4;0;0;7;2;0
Sul;2;4;0;0;24;1;0
Sul;2;4;0;0;41;0;0
Sul;2;4;0;0;4;0;0
Sul;2;4;0;0;1;0;0
Sul;2;4;0;0;1;0;0
Sul;2;4;0;0;1;0;0
Sul;2;4;0;0;1;0;0
Sul;2;4;0;0;50;0;0
Sul;2;5;0;0;2;0;0
Sul;2;5;0;0;2;0;0
Sul;2;5;0;0;3;0;0
Sul;2;5;0;0;1;1;0
Sul;2;4;0;0;3;0;0
Sul;2;4;0;0;4;0;0
Sul;2;4;0;0;0;0;0
Sul;2;4;0;0;0;1;0
Sul;2;4;0;0;0;0;0
Sul;2;4;0;0;2;0;0
Sul;2;4;0;0;1;0;0
Sul;2;4;0;0;1;0;0
Sul;2;4;0;0;0;0;0
Sul;2;4;0;0;1;0;0
Sul;2;4;0;0;0;1;0
Sul;2;4;0;0;0;0;0
Sul;2;4;0;0;4;0;0
Sul;2;4;0;0;1;0;0
Sul;2;4;0;0;1;0;0
Sul;2;4;0;0;1;0;0
Sul;2;4;0;0;1;0;0
Sul;2;4;0;0;1;0;0
Sul;2;4;0;0;2;0;0
Sul;2;4;0;0;0;0;0
Sul;2;4;0;0;2;0;0
Sul;2;5;0;0;0;0;0
Sul;2;4;0;0;1;0;0
Sul;2;4;0;0;0;0;0
Sul;2;4;0;0;2;0;0
Sul;2;4;0;0;0;0;0
Sul;2;4;0;0;3;0;0
Sul;2;4;0;0;2;0;0
Sul;2;4;0;0;1;0;0
Sul;2;4;0;0;7;1;0
Sul;2;4;0;0;2;0;0
Sul;2;4;0;0;1;0;0
Sul;2;4;0;0;1;0;0
Sul;2;4;0;0;1;0;0
Sul;2;4;0;0;7;0;0
Sul;2;4;0;0;0;0;0
Sul;2;4;0;0;1;0;0
Sul;2;4;0;0;14;0;0
Sul;2;5;0;0;0;1;0
Sul;2;4;0;0;1;0;0
Sul;2;4;0;0;0;0;0
Sul;2;4;0;0;1;0;0
Sul;2;4;0;0;0;0;0
Sul;2;4;0;0;1;0;0
Sul;2;4;0;0;1;0;0
Sul;2;4;0;0;1;0;0
Sul;2;4;0;0;0;1;0
Sul;2;4;0;0;1;0;0
Sul;2;4;0;0;1;1;0
Sul;2;4;0;0;0;0;0
Sul;2;4;0;0;0;0;0
Sul;2;4;0;0;1;1;0
Sul;2;4;0;0;0;0;0
Sul;2;4;0;0;0;0;0
Sul;2;4;0;0;1;0;0
Sul;2;5;0;0;0;0;0
Sul;2;4;0;0;2;0;0
Sul;2;4;0;0;0;0;0
Sul;2;4;0;0;1;0;0
Sul;2;4;0;0;1;0;0
Sul;2;4;0;0;0;0;0
Sul;2;4;0;0;1;0;0
Sul;2;4;0;0;1;0;0
Sul;2;4;0;0;2;0;0
Sul;2;4;0;0;1;0;0
Sul;2;4;0;0;3;0;0
Sul;2;5;0;0;1;0;0
Sul;2;4;0;0;0;0;0
Sul;2;4;0;0;0;0;0
Sul;2;4;0;0;4;0;0
Sul;2;4;0;0;1;0;0
Sul;2;4;0;0;1;0;0
Sul;2;4;0;0;3;0;0
Sul;2;4;0;0;1;0;0
Sul;2;4;0;0;1;0;0
Sul;2;4;0;0;0;0;0
Sul;2;4;0;0;1;0;0
Sul;2;4;0;0;0;0;0
Sul;2;4;0;0;1;0;0
Sul;2;4;0;0;0;0;0
Sul;2;4;0;0;2;0;0
Sul;2;4;0;0;0;0;0
Sul;2;4;0;0;0;0;0
Sul;2;4;0;0;1;0;0
Sul;2;4;0;0;1;0;0
Sul;2;4;0;0;0;0;0
Sul;2;4;0;0;0;0;0
Sul;2;4;0;0;2;0;0
Sul;2;4;0;0;1;0;0
Sul;2;4;0;0;2;0;0
Sul;2;4;0;0;5;0;0
Sul;2;4;0;0;22;5;0
Sul;2;4;0;0;5;0;0
Sul;2;4;0;0;2;0;0
Sul;2;4;0;0;1;0;0
Sul;2;4;0;0;1;0;0
Sul;2;4;0;0;8;2;0
Sul;2;5;0;0;28;4;0
Sul;2;4;0;0;0;0;0
Sul;2;4;0;0;1;0;0
Sul;2;4;0;0;0;0;0
Sul;2;4;0;0;1;0;0
Sul;2;4;0;0;1;0;0
Sul;2;4;0;0;1;0;0
Sul;2;4;0;0;1;0;0
Sul;2;4;0;0;11;0;0
Sul;2;4;0;0;1;1;0
Sul;2;4;0;0;4;0;0
Sul;2;4;0;0;1;0;0
Sul;2;5;0;0;34;0;0
Sul;2;5;0;0;0;0;0
Sul;2;5;0;0;0;0;0
Sul;2;4;0;0;0;0;0
Sul;2;4;0;0;0;0;0
Sul;2;4;0;0;1;0;0
Sul;2;4;0;0;0;0;0
Sul;2;4;0;0;1;0;0
Sul;2;4;0;0;1;0;0
Sul;2;4;0;0;1;0;0
Sul;2;4;0;0;0;0;0
Sul;2;4;0;0;0;0;0
Sul;2;4;0;0;1;0;0
Sul;2;4;0;0;2;0;0
Sul;2;4;0;0;0;0;0
Sul;2;4;0;0;2;0;0
Sul;2;4;0;0;3;0;0
Sul;2;4;0;0;1;1;0
Sul;2;4;0;0;1;0;0
Sul;2;4;0;0;0;0;0
Sul;2;4;0;0;2;0;0
Sul;2;4;0;0;1;0;0
Sul;2;4;0;0;36;5;0
Sul;2;5;0;0;2;0;0
Sul;2;5;0;0;0;0;0
Sul;2;4;0;0;1;0;0
Sul;2;4;0;0;3;0;0
Sul;2;4;0;0;7;0;0
Sul;2;4;0;0;1;0;0
Sul;2;4;0;0;19;1;0
Sul;2;4;0;0;10;0;0
Sul;2;5;0;0;0;0;0
Sul;2;4;0;0;0;0;0
Sul;2;4;0;0;3;0;0
Sul;2;4;0;0;1;0;0
Sul;2;4;0;0;1;0;0
Sul;2;4;0;0;0;0;0
Sul;2;4;0;0;0;0;0
Sul;2;4;0;0;1;0;0
Sul;2;4;0;0;0;0;0
Sul;2;4;0;0;1;0;0
Sul;2;4;0;0;1;0;0
Sul;2;4;0;0;2;0;0
Sul;2;4;0;0;1;0;0
Sul;2;4;0;0;1;0;0
Sul;2;4;0;0;0;0;0
Sul;2;4;0;0;2;0;0
Sul;2;4;0;0;2;0;0
Sul;2;4;0;0;0;0;0
Sul;2;4;0;0;0;0;0
Sul;2;4;0;0;0;0;0
Sul;2;4;0;0;1;0;0
Sul;2;4;0;0;1;0;0
Sul;2;4;0;0;0;0;0
Sul;2;4;0;0;0;0;0
Sul;2;4;0;0;2;0;0
Sul;2;4;0;0;2;0;0
Sul;2;4;0;0;1;0;0
Sul;2;4;0;0;1;0;0
Sul;2;4;0;0;1;0;0
Sul;2;4;0;0;3;0;0
Sul;2;4;0;0;0;0;0
Sul;2;4;0;0;1;0;0
Sul;2;4;0;0;1;0;0
Sul;2;4;0;0;0;0;0
Sul;2;4;0;0;1;0;0
Sul;2;5;0;0;0;0;0
Sul;2;4;0;0;1;0;0
Sul;2;4;0;0;1;1;0
Sul;2;4;0;0;1;1;0
Sul;2;4;0;0;0;0;0
Sul;2;4;0;0;5;0;0
Sul;2;5;0;0;1;0;0
Sul;2;4;0;0;1;1;0
Sul;2;4;0;0;1;0;0
Sul;2;4;0;0;1;0;0
Sul;2;4;0;0;0;0;0
Sul;2;4;0;0;1;1;0
Sul;2;4;0;0;1;0;0
Sul;2;4;0;0;1;1;0
Sul;2;4;0;0;2;0;0
Sul;2;4;0;0;2;0;0
Sul;2;4;0;0;1;0;0
Sul;2;4;0;0;0;0;0
Sul;2;4;0;0;0;0;0
Sul;2;4;0;0;0;0;0
Sul;2;4;0;0;1;0;0
Sul;2;4;0;0;1;0;0
Sul;2;4;0;0;0;0;0
Sul;2;4;0;0;1;0;0
Sul;2;4;0;0;3;0;0
Sul;2;4;0;0;0;1;0
Sul;2;4;0;0;0;0;0
Sul;2;4;0;0;1;1;0
Sul;2;4;0;0;1;0;0
Sul;2;4;0;0;0;0;0
Sul;2;4;0;0;0;0;0
Sul;2;4;0;0;0;0;0
Sul;2;4;0;0;5;1;0
Sul;2;5;0;0;0;0;0
Sul;2;4;0;0;0;0;0
Sul;2;4;0;0;3;0;0
Sul;2;4;0;0;2;0;0
Sul;2;4;0;0;1;0;0
Sul;2;4;0;0;2;0;0
Sul;2;4;0;0;1;0;0
Sul;2;5;0;0;1;0;0
Sul;2;4;0;0;0;0;0
Sul;2;4;0;0;0;0;0
Sul;2;4;0;0;1;0;0
Sul;2;4;0;0;1;0;0
Sul;2;4;0;0;1;0;0
Sul;2;4;0;0;0;0;0
Sul;2;4;0;0;0;0;0
Sul;2;4;0;0;0;0;0
Sul;2;4;0;0;0;0;0
Sul;2;4;0;0;0;0;0
Sul;2;4;0;0;0;0;0
Sul;2;4;0;0;0;0;0
Sul;2;4;0;0;1;0;0
Sul;2;4;0;0;1;0;0
Sul;2;4;0;0;1;0;0
Sul;2;4;0;0;0;0;0
Sul;2;5;0;0;1;0;0
Sul;2;4;0;0;0;0;0
Sul;2;4;0;0;0;0;0
Sul;2;4;0;0;0;0;0
Sul;2;4;0;0;2;0;0
Sul;2;4;0;0;1;0;0
Sul;2;4;0;0;0;0;0
Sul;2;4;0;0;0;0;0
Sul;2;4;0;0;2;0;0
Sul;2;4;0;0;2;0;0
Sul;2;4;0;0;1;0;0
Sul;2;4;0;0;1;0;0
Sul;2;4;0;0;0;0;0
Sul;2;4;0;0;1;0;0
Sul;2;4;0;0;2;0;0
Sul;2;4;0;0;5;0;0
Sul;2;4;0;0;0;0;0
Sul;2;4;0;0;3;0;0
Sul;2;4;0;0;1;0;0
Sul;2;4;0;0;0;0;0
Sul;2;4;0;0;0;0;0
Sul;2;4;0;0;8;1;0
Sul;2;4;0;0;1;0;0
Sul;2;4;0;0;0;1;0
Sul;2;4;0;0;0;0;0
Sul;2;4;0;0;2;1;0
Sul;2;4;0;0;1;1;0
Sul;2;4;0;0;1;0;0
Sul;2;4;0;0;10;1;0
Sul;2;5;0;0;1;0;0
Sul;2;4;0;0;1;0;0
Sul;2;4;0;0;0;0;0
Sul;2;4;0;0;0;0;0
Sul;2;4;0;0;0;0;0
Sul;2;4;0;0;0;0;0
Sul;2;4;0;0;0;0;0
Sul;2;4;0;0;2;0;0
Sul;2;4;0;0;1;0;0
Sul;2;4;0;0;0;0;0
Sul;2;4;0;0;2;0;0
Sul;2;4;0;0;1;0;0
Sul;2;4;0;0;0;0;0
Sul;1;5;93;50;29;0;59
Sul;2;4;0;0;1;0;0
Sul;2;4;0;0;1;0;0
Sul;2;4;0;0;2;1;0
Sul;2;4;0;0;0;0;0
Sul;2;4;0;0;2;0;0
Sul;2;5;0;0;1;0;0
Sul;2;5;0;0;9;0;0
Sul;2;4;0;0;0;0;0
Sul;2;4;0;0;3;0;0
Sul;2;4;0;0;1;0;0
Sul;2;4;0;0;1;1;0
Sul;2;4;0;0;0;0;0
Sul;2;4;0;0;4;0;0
Sul;2;4;0;0;1;0;0
Sul;2;4;0;0;1;0;0
Sul;2;5;0;0;0;0;0
Sul;2;4;0;0;1;0;0
Sul;2;4;0;0;0;0;0
Sul;2;4;0;0;1;0;0
Sul;2;4;0;0;1;0;0
Sul;2;4;0;0;1;0;0
Sul;2;4;0;0;0;0;0
Sul;2;4;0;0;0;0;0
Sul;2;4;0;0;1;0;0
Sul;2;4;0;0;0;1;0
Sul;2;4;0;0;2;0;0
Sul;2;4;0;0;5;0;0
Sul;2;4;0;0;3;1;0
Sul;2;4;0;0;1;0;0
Sul;2;4;0;0;2;1;0
Sul;2;4;0;0;2;0;0
Sul;2;4;0;0;1;0;0
Sul;2;4;0;0;0;1;0
Sul;2;4;0;0;0;0;0
Sul;2;4;0;0;1;0;0
Sul;2;4;0;0;0;0;0
Sul;2;4;0;0;1;0;0
Sul;2;4;0;0;3;0;0
Sul;2;4;0;0;0;0;0
Sul;2;4;0;0;1;0;0
Sul;2;4;0;0;1;0;0
Sul;2;4;0;0;2;0;0
Sul;2;4;0;0;2;0;0
Sul;2;5;0;0;4;0;0
Sul;2;4;0;0;0;2;0
Sul;2;4;0;0;1;0;0
Sul;2;4;0;0;0;0;0
Sul;2;4;0;0;1;0;0
Sul;2;5;0;0;0;1;0
Sul;2;4;0;0;1;0;0
Sul;2;4;0;0;4;0;0
Sul;2;4;0;0;1;0;0
Sul;2;4;0;0;1;0;0
Sul;2;4;0;0;1;0;0
Sul;2;4;0;0;0;0;0
Sul;2;4;0;0;1;0;0
Sul;2;4;0;0;2;1;0
Sul;2;4;0;0;2;0;0
Sul;2;4;0;0;0;0;0
Sul;2;4;0;0;2;0;0
Sul;2;4;0;0;5;0;0
Sul;2;4;0;0;2;0;0
Sul;2;4;0;0;1;0;0
Sul;2;4;0;0;0;0;0
Sul;2;4;0;0;1;0;0
Sul;2;4;0;0;0;1;0
Sul;2;4;0;0;2;1;0
Sul;2;4;0;0;1;0;0
Sul;2;4;0;0;1;1;0
Sul;2;4;0;0;2;0;0
Sul;2;4;0;0;2;0;0
Sul;2;4;0;0;0;0;0
Sul;2;4;0;0;1;0;0
Sul;2;4;0;0;0;1;0
Sul;2;4;0;0;1;0;0
Sul;2;4;0;0;0;1;0
Sul;2;4;0;0;0;0;0
Sul;2;4;0;0;1;0;0
Sul;2;4;0;0;3;0;0
Sul;2;4;0;0;1;0;0
Sul;2;4;0;0;1;0;0
Sul;2;4;0;0;2;0;0
Sul;2;4;0;0;0;0;0
Sul;2;4;0;0;1;0;0
Sul;2;4;0;0;1;0;0
Sul;2;4;0;0;2;2;0
Sul;2;4;0;0;0;0;0
Sul;2;4;0;0;3;0;0
Sul;2;4;0;0;1;0;0
Sul;2;4;0;0;1;0;0
Sul;2;4;0;0;2;0;0
Sul;2;4;0;0;2;0;0
Sul;2;4;0;0;4;0;0
Sul;2;4;0;0;0;0;0
Sul;2;4;0;0;3;0;0
Sul;2;5;0;0;17;0;0
Sul;2;4;0;0;8;8;0
Sul;2;4;0;0;9;0;0
Sul;2;4;0;0;1;0;0
Sul;2;4;0;0;0;0;0
Sul;2;4;0;0;1;0;0
Sul;2;4;0;0;6;1;0
Sul;2;4;0;0;0;0;0
Sul;2;4;0;0;4;1;0
Sul;2;4;0;0;1;0;0
Sul;2;4;0;0;4;2;0
Sul;2;4;0;0;0;0;0
Sul;2;4;0;0;9;2;0
Sul;2;4;0;0;4;0;0
Sul;2;4;0;0;0;1;0
Sul;2;4;0;0;2;0;0
Sul;2;5;0;0;1;1;0
Sul;2;5;0;0;0;0;0
Sul;2;4;0;0;3;1;0
Sul;2;4;0;0;0;0;0
Sul;2;4;0;0;1;0;0
Sul;2;4;0;0;0;0;0
Sul;2;4;0;0;1;1;0
Sul;2;4;0;0;0;1;0
Sul;2;5;0;0;1;0;0
Sul;2;4;0;0;1;0;0
Sul;2;4;0;0;1;0;0
Sul;2;4;0;0;1;0;0
Sul;2;4;0;0;1;0;0
Sul;2;4;0;0;0;0;0
Sul;2;4;0;0;1;0;0
Sul;2;4;0;0;4;3;0
Sul;2;4;0;0;2;0;0
Sul;2;4;0;0;3;2;0
Sul;2;4;0;0;4;0;0
Sul;2;4;0;0;2;1;0
Sul;2;5;0;0;1;0;0
Sul;2;4;0;0;0;0;0
Sul;2;4;0;0;1;0;0
Sul;2;4;0;0;1;0;0
Sul;2;4;0;0;0;0;0
Sul;2;4;0;0;0;0;0
Sul;2;4;0;0;0;0;0
Sul;2;4;0;0;2;2;0
Sul;2;4;0;0;2;0;0
Sul;2;4;0;0;2;0;0
Sul;2;4;0;0;1;1;0
Sul;2;4;0;0;0;0;0
Sul;2;5;0;0;1;0;0
Sul;2;4;0;0;0;0;0
Sul;2;4;0;0;0;0;0
Sul;2;4;0;0;1;0;0
Sul;2;4;0;0;1;1;0
Sul;2;4;0;0;1;0;0
Sul;2;4;0;0;1;0;0
Sul;2;4;0;0;0;0;0
Sul;2;4;0;0;1;0;0
Sul;2;4;0;0;0;0;0
Sul;2;4;0;0;2;0;0
Sul;2;4;0;0;1;0;0
Sul;2;4;0;0;0;0;0
Sul;2;4;0;0;0;0;0
Sul;2;4;0;0;0;0;0
Sul;2;4;0;0;1;0;0
Sul;2;4;0;0;0;0;0
Sul;2;4;0;0;0;0;0
Sul;2;4;0;0;1;0;0
Sul;2;4;0;0;0;0;0
Sul;2;4;0;0;1;0;0
Sul;2;4;0;0;0;0;0
Sul;2;4;0;0;1;0;0
Sul;2;4;0;0;0;0;0
Sul;2;4;0;0;0;0;0
Sul;2;4;0;0;1;0;0
Sul;2;4;0;0;0;0;0
Sul;2;4;0;0;0;0;0
Sul;2;4;0;0;1;0;0
Sul;2;4;0;0;0;0;0
Sul;2;4;0;0;0;1;0
Sul;2;4;0;0;1;0;0
Sul;2;4;0;0;1;0;0
Sul;2;4;0;0;0;1;0
Sul;2;4;0;0;1;0;0
Sul;2;4;0;0;0;0;0
Sul;2;4;0;0;1;0;0
Sul;2;5;0;0;3;0;0
Sul;2;4;0;0;0;0;0
Sul;2;4;0;0;1;0;0
Sul;2;4;0;0;1;0;0
Sul;2;4;0;0;3;0;0
Sul;2;5;0;0;1;0;0
Sul;2;4;0;0;1;0;0
Sul;2;4;0;0;1;0;0
Sul;2;4;0;0;0;0;0
Sul;2;4;0;0;1;0;0
Sul;2;4;0;0;1;0;0
Sul;2;4;0;0;0;0;0
Sul;2;4;0;0;2;1;0
Sul;2;4;0;0;1;0;0
Sul;2;4;0;0;1;0;0
Sul;2;4;0;0;1;0;0
Sul;2;4;0;0;1;0;0
Sul;2;4;0;0;3;0;0
Sul;2;4;0;0;0;0;0
Sul;2;4;0;0;0;0;0
Sul;2;4;0;0;0;0;0
Sul;2;4;0;0;2;0;0
Sul;2;4;0;0;1;0;0
Sul;2;5;0;0;2;0;0
Sul;2;4;0;0;1;0;0
Sul;2;4;0;0;2;0;0
Sul;2;4;0;0;4;0;0
Sul;2;4;0;0;1;0;0
Sul;2;4;0;0;7;0;0
Sul;2;4;0;0;1;0;0
Sul;2;4;0;0;3;1;0
Sul;2;4;0;0;1;0;0
Sul;2;4;0;0;0;0;0
Sul;2;4;0;0;0;0;0
Sul;2;4;0;0;5;0;0
Sul;2;4;0;0;1;0;0
Sul;2;4;0;0;0;1;0
Sul;2;4;0;0;0;0;0
Sul;2;4;0;0;2;0;0
Sul;2;4;0;0;1;0;0
Sul;2;4;0;0;4;1;0
Sul;2;4;0;0;0;0;0
Sul;2;4;0;0;1;0;0
Sul;2;4;0;0;0;0;0
Sul;2;4;0;0;0;0;0
Sul;2;4;0;0;2;0;0
Sul;2;4;0;0;1;0;0
Sul;2;4;0;0;0;0;0
Sul;2;4;0;0;1;0;0
Sul;2;4;0;0;0;0;0
Sul;2;4;0;0;1;0;0
Sul;2;4;0;0;1;0;0
Sul;2;4;0;0;0;0;0
Sul;2;4;0;0;2;0;0
Sul;2;4;0;0;0;1;0
Sul;2;5;0;0;0;0;0
Sul;2;4;0;0;1;0;0
Sul;2;4;0;0;1;0;0
Sul;2;4;0;0;1;0;0
Sul;2;4;0;0;1;0;0
Sul;2;4;0;0;0;1;0
Sul;2;4;0;0;2;0;0
Sul;2;4;0;0;2;1;0
Sul;2;4;0;0;1;0;0
Sul;2;4;0;0;1;0;0
Sul;2;4;0;0;1;0;0
Sul;2;4;0;0;0;0;0
Sul;2;4;0;0;0;0;0
Sul;2;4;0;0;1;1;0
Sul;2;4;0;0;1;0;0
Sul;2;4;0;0;2;1;0
Sul;2;4;0;0;2;0;0
Sul;2;4;0;0;0;0;0
Sul;2;4;0;0;0;0;0
Sul;2;4;0;0;1;0;0
Sul;2;4;0;0;1;0;0
Sul;2;4;0;0;3;1;0
Sul;2;4;0;0;0;0;0
Sul;2;4;0;0;0;0;0
Sul;2;4;0;0;4;1;0
Sul;2;4;0;0;1;1;0
Sul;2;4;0;0;1;0;0
Sul;2;4;0;0;1;1;0
Sul;2;5;0;0;5;0;0
Sul;2;4;0;0;2;1;0
Sul;2;4;0;0;1;0;0
Sul;2;4;0;0;2;0;0
Sul;2;4;0;0;3;0;0
Sul;2;4;0;0;13;1;0
Sul;2;4;0;0;5;0;0
Sul;2;4;0;0;0;0;0
Sul;2;5;0;0;1;1;0
Sul;2;4;0;0;1;0;0
Sul;2;4;0;0;0;0;0
Sul;2;4;0;0;1;0;0
Sul;2;4;0;0;1;0;0
Sul;2;4;0;0;0;0;0
Sul;2;4;0;0;1;0;0
Sul;2;4;0;0;1;0;0
Sul;2;4;0;0;2;0;0
Sul;2;4;0;0;2;0;0
Sul;2;4;0;0;1;0;0
Sul;2;4;0;0;1;0;0
Sul;2;4;0;0;3;0;0
Sul;2;4;0;0;1;0;0
Sul;2;4;0;0;0;0;0
Sul;2;4;0;0;0;1;0
Sul;2;4;0;0;1;0;0
Sul;2;4;0;0;0;1;0
Sul;2;4;0;0;1;0;0
Sul;2;4;0;0;5;0;0
Sul;2;4;0;0;1;0;0
Sul;2;4;0;0;0;1;0
Sul;2;5;0;0;1;0;0
Sul;2;4;0;0;1;0;0
Sul;2;4;0;0;2;0;0
Sul;2;4;0;0;0;0;0
Sul;2;4;0;0;1;0;0
Sul;2;4;0;0;0;0;0
Sul;2;4;0;0;2;1;0
Sul;2;4;0;0;1;0;0
Sul;2;4;0;0;0;0;0
Sul;2;5;0;0;0;0;0
Sul;2;4;0;0;0;0;0
Sul;2;4;0;0;2;0;0
Sul;2;4;0;0;1;0;0
Sul;2;4;0;0;4;0;0
Sul;2;4;0;0;0;0;0
Sul;2;4;0;0;1;0;0
Sul;2;4;0;0;1;0;0
Sul;2;5;0;0;1;0;0
Sul;2;4;0;0;0;0;0
Sul;2;4;0;0;0;0;0
Sul;2;4;0;0;1;0;0
Sul;2;4;0;0;1;0;0
Sul;2;4;0;0;0;0;0
Sul;2;4;0;0;0;0;0
Sul;2;4;0;0;2;0;0
Sul;2;4;0;0;4;0;0
Sul;2;4;0;0;0;0;0
Sul;2;4;0;0;0;0;0
Sul;2;4;0;0;0;0;0
Sul;1;5;68;60;1;0;7
Sul;1;5;154;132;54;0;227
Sul;1;5;164;160;32;0;39
Sul;2;4;0;0;9;2;0
Sul;2;4;0;0;25;0;0
Sul;2;4;0;0;1;0;0
Sul;2;4;0;0;5;0;0
Sul;2;4;0;0;4;0;0
Sul;2;4;0;0;13;2;0
Sul;2;4;0;0;5;0;0
Sul;2;4;0;0;0;1;0
Sul;2;4;0;0;0;2;0
Sul;2;4;0;0;1;3;0
Sul;2;4;0;0;7;2;0
Sul;2;4;0;0;0;0;0
Sul;2;4;0;0;0;0;0
Sul;2;4;0;0;2;2;0
Sul;2;5;0;0;1;0;0
Sul;2;5;0;0;4;0;0
Sul;2;5;0;0;1;0;0
Sul;2;5;0;0;7;0;0
Sul;2;5;0;0;87;0;0
Sul;2;5;0;0;2;0;0
Sul;2;4;0;0;1;0;0
Sul;2;4;0;0;0;1;0
Sul;2;4;0;0;25;23;0
Sul;2;4;0;0;2;1;0
Sul;2;4;0;0;9;0;0
Sul;2;4;0;0;3;0;0
Sul;2;4;0;0;3;0;0
Sul;2;4;0;0;2;0;0
Sul;2;4;0;0;1;2;0
Sul;2;4;0;0;12;0;0
Sul;2;4;0;0;0;1;0
Sul;2;4;0;0;1;0;0
Sul;2;4;0;0;4;0;0
Sul;2;4;0;0;4;0;0
Sul;2;4;0;0;19;6;0
Sul;2;4;0;0;7;0;0
Sul;2;4;0;0;2;0;0
Sul;2;4;0;0;29;1;0
Sul;2;4;0;0;3;1;0
Sul;2;4;0;0;12;0;0
Sul;2;4;0;0;0;0;0
Sul;2;4;0;0;2;0;0
Sul;2;4;0;0;16;0;0
Sul;2;4;0;0;4;0;0
Sul;2;4;0;0;0;0;0
Sul;2;4;0;0;1;1;0
Sul;2;4;0;0;5;3;0
Sul;2;4;0;0;1;0;0
Sul;2;4;0;0;1;0;0
Sul;2;4;0;0;1;0;0
Sul;2;4;0;0;41;0;0
Sul;2;5;0;0;5;3;0
Sul;2;4;0;0;0;0;0
Sul;2;4;0;0;6;0;0
Sul;2;4;0;0;1;0;0
Sul;2;4;0;0;1;0;0
Sul;2;4;0;0;0;0;0
Sul;2;4;0;0;0;0;0
Sul;2;4;0;0;0;0;0
Sul;2;4;0;0;1;1;0
Sul;2;4;0;0;3;0;0
Sul;2;4;0;0;1;0;0
Sul;2;4;0;0;3;0;0
Sul;2;4;0;0;0;0;0
Sul;2;4;0;0;3;0;0
Sul;2;4;0;0;0;0;0
Sul;2;4;0;0;1;0;0
Sul;2;4;0;0;0;0;0
Sul;2;4;0;0;1;0;0
Sul;2;4;0;0;1;0;0
Sul;2;4;0;0;0;0;0
Sul;2;4;0;0;1;0;0
Sul;2;4;0;0;0;0;0
Sul;2;4;0;0;1;0;0
Sul;2;4;0;0;0;0;0
Sul;2;4;0;0;3;0;0
Sul;2;4;0;0;2;0;0
Sul;2;4;0;0;1;2;0
Sul;2;4;0;0;2;1;0
Sul;2;5;0;0;1;0;0
Sul;2;4;0;0;1;0;0
Sul;2;4;0;0;0;0;0
Sul;2;4;0;0;1;0;0
Sul;2;4;0;0;4;0;0
Sul;2;4;0;0;0;0;0
Sul;2;4;0;0;1;0;0
Sul;2;4;0;0;2;0;0
Sul;2;4;0;0;1;0;0
Sul;2;5;0;0;0;0;0
Sul;2;4;0;0;1;0;0
Sul;2;4;0;0;0;0;0
Sul;2;4;0;0;4;0;0
Sul;2;4;0;0;0;0;0
Sul;2;4;0;0;0;0;0
Sul;2;4;0;0;0;0;0
Sul;2;4;0;0;0;0;0
Sul;2;4;0;0;3;0;0
Sul;2;5;0;0;1;1;0
Sul;2;4;0;0;0;0;0
Sul;2;4;0;0;0;1;0
Sul;2;4;0;0;0;0;0
Sul;2;4;0;0;0;0;0
Sul;2;5;0;0;0;0;0
Sul;2;4;0;0;1;0;0
Sul;2;4;0;0;1;0;0
Sul;2;4;0;0;1;0;0
Sul;2;4;0;0;0;0;0
Sul;2;4;0;0;0;0;0
Sul;2;4;0;0;1;0;0
Sul;2;4;0;0;0;0;0
Sul;2;4;0;0;2;0;0
Sul;2;4;0;0;0;0;0
Sul;2;4;0;0;1;0;0
Sul;2;4;0;0;1;0;0
Sul;2;4;0;0;2;0;0
Sul;2;4;0;0;0;0;0
Sul;2;4;0;0;1;0;0
Sul;2;4;0;0;1;0;0
Sul;2;4;0;0;3;0;0
Sul;2;4;0;0;2;0;0
Sul;2;4;0;0;0;0;0
Sul;2;4;0;0;0;0;0
Sul;2;4;0;0;1;0;0
Sul;2;4;0;0;2;0;0
Sul;2;4;0;0;3;0;0
Sul;2;4;0;0;0;0;0
Sul;2;4;0;0;2;0;0
Sul;2;4;0;0;2;0;0
Sul;2;4;0;0;1;0;0
Sul;2;4;0;0;1;0;0
Sul;2;4;0;0;1;0;0
Sul;2;5;0;0;4;0;0
Sul;2;4;0;0;1;0;0
Sul;2;4;0;0;0;0;0
Sul;2;4;0;0;2;0;0
Sul;2;4;0;0;4;1;0
Sul;2;4;0;0;2;0;0
Sul;2;4;0;0;1;0;0
Sul;2;4;0;0;1;0;0
Sul;2;4;0;0;0;0;0
Sul;2;4;0;0;2;1;0
Sul;2;4;0;0;0;0;0
Sul;2;4;0;0;1;0;0
Sul;2;4;0;0;1;0;0
Sul;2;4;0;0;0;0;0
Sul;2;4;0;0;1;1;0
Sul;2;4;0;0;0;0;0
Sul;2;4;0;0;1;0;0
Sul;2;4;0;0;3;0;0
Sul;2;4;0;0;0;0;0
Sul;1;5;100;80;2;0;8
Sul;2;4;0;0;0;0;0
Sul;2;4;0;0;1;0;0
Sul;2;4;0;0;2;0;0
Sul;2;4;0;0;0;0;0
Sul;2;4;0;0;0;0;0
Sul;2;4;0;0;1;1;0
Sul;2;5;0;0;2;0;0
Sul;2;4;0;0;1;1;0
Sul;2;4;0;0;1;0;0
Sul;2;4;0;0;2;0;0
Sul;2;4;0;0;2;0;0
Sul;2;4;0;0;1;0;0
Sul;2;4;0;0;4;1;0
Sul;2;4;0;0;3;0;0
Sul;2;4;0;0;8;0;0
Sul;2;4;0;0;1;0;0
Sul;2;4;0;0;1;0;0
Sul;2;4;0;0;0;0;0
Sul;2;4;0;0;1;0;0
Sul;2;4;0;0;1;0;0
Sul;2;4;0;0;1;0;0
Sul;2;4;0;0;1;0;0
Sul;2;4;0;0;0;0;0
Sul;2;4;0;0;1;0;0
Sul;2;4;0;0;0;0;0
Sul;2;4;0;0;1;0;0
Sul;2;4;0;0;1;0;0
Sul;2;4;0;0;0;0;0
Sul;2;4;0;0;0;0;0
Sul;2;4;0;0;0;0;0
Sul;2;4;0;0;0;0;0
Sul;2;4;0;0;1;0;0
Sul;2;4;0;0;0;0;0
Sul;2;4;0;0;0;0;0
Sul;2;4;0;0;0;0;0
Sul;2;4;0;0;0;0;0
Sul;2;4;0;0;2;0;0
Sul;2;4;0;0;1;0;0
Sul;2;4;0;0;1;0;0
Sul;2;4;0;0;1;0;0
Sul;2;4;0;0;1;0;0
Sul;2;4;0;0;0;0;0
Sul;2;4;0;0;2;0;0
Sul;2;4;0;0;2;0;0
Sul;2;4;0;0;1;0;0
Sul;2;4;0;0;3;0;0
Sul;2;4;0;0;1;1;0
Sul;2;4;0;0;1;0;0
Sul;2;4;0;0;1;0;0
Sul;2;4;0;0;1;0;0
Sul;2;4;0;0;0;0;0
Sul;2;4;0;0;0;0;0
Sul;2;4;0;0;1;0;0
Sul;2;4;0;0;0;0;0
Sul;2;4;0;0;1;0;0
Sul;2;4;0;0;2;1;0
Sul;2;4;0;0;2;0;0
Sul;2;4;0;0;1;0;0
Sul;2;4;0;0;1;0;0
Sul;2;4;0;0;1;0;0
Sul;2;5;0;0;1;0;0
Sul;2;4;0;0;1;0;0
Sul;2;4;0;0;0;0;0
Sul;2;4;0;0;1;0;0
Sul;2;4;0;0;1;0;0
Sul;2;4;0;0;0;0;0
Sul;2;4;0;0;1;0;0
Sul;2;4;0;0;1;0;0
Sul;2;4;0;0;1;0;0
Sul;2;4;0;0;1;0;0
Sul;2;4;0;0;0;0;0
Sul;2;4;0;0;2;0;0
Sul;2;4;0;0;0;0;0
Sul;2;4;0;0;0;2;0
Sul;2;4;0;0;0;0;0
Sul;2;4;0;0;2;0;0
Sul;2;4;0;0;1;0;0
Sul;2;4;0;0;1;0;0
Sul;2;4;0;0;1;0;0
Sul;2;4;0;0;0;0;0
Sul;2;4;0;0;2;0;0
Sul;2;4;0;0;2;0;0
Sul;2;4;0;0;1;0;0
Sul;2;4;0;0;1;0;0
Sul;2;4;0;0;0;0;0
Sul;2;4;0;0;1;0;0
Sul;2;4;0;0;0;0;0
Sul;2;4;0;0;0;0;0
Sul;2;4;0;0;0;0;0
Sul;2;4;0;0;1;1;0
Sul;2;4;0;0;1;0;0
Sul;2;4;0;0;2;0;0
Sul;2;4;0;0;0;0;0
Sul;2;4;0;0;4;0;0
Sul;2;5;0;0;0;1;0
Sul;2;5;0;0;0;0;0
Sul;2;4;0;0;0;0;0
Sul;2;4;0;0;0;0;0
Sul;2;4;0;0;1;0;0
Sul;2;4;0;0;2;1;0
Sul;2;4;0;0;0;1;0
Sul;2;4;0;0;1;0;0
Sul;2;4;0;0;0;1;0
Sul;2;4;0;0;1;0;0
Sul;2;5;0;0;0;0;0
Sul;2;4;0;0;0;1;0
Sul;2;4;0;0;1;0;0
Sul;2;4;0;0;0;1;0
Sul;2;4;0;0;1;0;0
Sul;2;4;0;0;1;0;0
Sul;2;4;0;0;0;0;0
Sul;2;4;0;0;1;0;0
Sul;2;4;0;0;2;1;0
Sul;2;5;0;0;0;0;0
Sul;2;4;0;0;1;0;0
Sul;2;4;0;0;1;0;0
Sul;2;4;0;0;1;0;0
Sul;2;4;0;0;1;0;0
Sul;2;4;0;0;0;0;0
Sul;2;4;0;0;6;1;0
Sul;2;5;0;0;1;0;0
Sul;2;4;0;0;1;0;0
Sul;2;4;0;0;2;0;0
Sul;2;4;0;0;5;0;0
Sul;2;4;0;0;8;0;0
Sul;2;4;0;0;2;0;0
Sul;2;4;0;0;2;0;0
Sul;2;4;0;0;9;2;0
Sul;2;4;0;0;2;0;0
Sul;2;4;0;0;6;0;0
Sul;2;4;0;0;2;2;0
Sul;2;4;0;0;4;0;0
Sul;2;4;0;0;0;0;0
Sul;2;4;0;0;1;0;0
Sul;2;5;0;0;2;0;0
Sul;2;5;0;0;1;1;0
Sul;2;4;0;0;0;1;0
Sul;2;4;0;0;1;0;0
Sul;2;4;0;0;0;0;0
Sul;2;4;0;0;0;0;0
Sul;2;4;0;0;0;0;0
Sul;2;4;0;0;1;0;0
Sul;2;4;0;0;0;0;0
Sul;2;4;0;0;1;0;0
Sul;2;4;0;0;2;0;0
Sul;2;4;0;0;1;0;0
Sul;2;4;0;0;1;1;0
Sul;2;4;0;0;2;0;0
Sul;2;4;0;0;0;0;0
Sul;2;4;0;0;1;0;0
Sul;2;4;0;0;1;1;0
Sul;2;4;0;0;1;0;0
Sul;2;4;0;0;2;0;0
Sul;2;4;0;0;1;0;0
Sul;2;4;0;0;1;0;0
Sul;2;4;0;0;0;0;0
Sul;2;4;0;0;1;0;0
Sul;2;4;0;0;0;0;0
Sul;2;4;0;0;1;0;0
Sul;2;4;0;0;0;1;0
Sul;2;4;0;0;1;0;0
Sul;2;4;0;0;1;0;0
Sul;2;4;0;0;1;0;0
Sul;2;5;0;0;0;0;0
Sul;2;4;0;0;0;0;0
Sul;2;4;0;0;0;0;0
Sul;2;4;0;0;0;0;0
Sul;2;4;0;0;2;0;0
Sul;2;4;0;0;2;0;0
Sul;2;4;0;0;0;0;0
Sul;2;4;0;0;0;0;0
Sul;2;4;0;0;0;0;0
Sul;2;4;0;0;0;1;0
Sul;2;4;0;0;1;0;0
Sul;2;4;0;0;1;0;0
Sul;2;4;0;0;1;0;0
Sul;2;4;0;0;3;0;0
Sul;2;4;0;0;2;0;0
Sul;2;4;0;0;0;0;0
Sul;2;5;0;0;0;0;0
Sul;2;4;0;0;0;1;0
Sul;2;4;0;0;1;0;0
Sul;2;4;0;0;2;0;0
Sul;2;4;0;0;2;0;0
Sul;2;4;0;0;1;0;0
Sul;2;4;0;0;2;0;0
Sul;2;4;0;0;1;1;0
Sul;2;4;0;0;1;0;0
Sul;2;4;0;0;2;0;0
Sul;2;5;0;0;2;0;0
Sul;2;4;0;0;1;0;0
Sul;2;4;0;0;3;0;0
Sul;2;4;0;0;3;0;0
Sul;2;4;0;0;1;0;0
Sul;2;4;0;0;1;0;0
Sul;2;4;0;0;2;0;0
Sul;2;4;0;0;0;0;0
Sul;2;5;0;0;1;0;0
Sul;2;4;0;0;2;0;0
Sul;2;4;0;0;1;0;0
Sul;2;4;0;0;0;0;0
Sul;2;4;0;0;1;0;0
Sul;2;4;0;0;3;1;0
Sul;2;4;0;0;13;2;0
Sul;2;4;0;0;1;0;0
Sul;2;4;0;0;3;0;0
Sul;2;4;0;0;2;0;0
Sul;2;4;0;0;2;1;0
Sul;2;4;0;0;0;0;0
Sul;2;4;0;0;1;1;0
Sul;2;4;0;0;3;2;0
Sul;2;4;0;0;2;0;0
Sul;2;4;0;0;6;2;0
Sul;2;5;0;0;0;5;0
Sul;2;5;0;0;3;0;0
Sul;2;4;0;0;0;0;0
Sul;2;4;0;0;1;0;0
Sul;2;4;0;0;1;0;0
Sul;2;4;0;0;0;0;0
Sul;2;4;0;0;3;0;0
Sul;2;4;0;0;1;0;0
Sul;2;4;0;0;0;0;0
Sul;2;4;0;0;3;1;0
Sul;2;4;0;0;7;6;0
Sul;2;4;0;0;1;0;0
Sul;2;4;0;0;1;0;0
Sul;2;4;0;0;7;5;0
Sul;2;4;0;0;3;0;0
Sul;2;4;0;0;6;2;0
Sul;2;4;0;0;2;1;0
Sul;2;4;0;0;11;0;0
Sul;2;4;0;0;14;0;0
Sul;2;4;0;0;1;0;0
Sul;2;4;0;0;1;0;0
Sul;2;4;0;0;1;0;0
Sul;2;4;0;0;25;0;0
Sul;2;5;0;0;1;0;0
Sul;2;4;0;0;0;1;0
Sul;2;4;0;0;1;0;0
Sul;2;4;0;0;0;0;0
Sul;2;4;0;0;0;0;0
Sul;2;4;0;0;2;0;0
Sul;2;4;0;0;0;0;0
Sul;2;4;0;0;0;0;0
Sul;2;4;0;0;0;0;0
Sul;2;4;0;0;0;1;0
Sul;2;4;0;0;0;0;0
Sul;2;4;0;0;1;0;0
Sul;2;4;0;0;0;0;0
Sul;2;4;0;0;0;0;0
Sul;2;4;0;0;1;0;0
Sul;2;4;0;0;2;0;0
Sul;2;4;0;0;0;1;0
Sul;2;4;0;0;2;0;0
Sul;2;4;0;0;0;1;0
Sul;2;4;0;0;0;0;0
Sul;2;4;0;0;1;0;0
Sul;2;4;0;0;1;0;0
Sul;2;4;0;0;1;0;0
Sul;2;4;0;0;0;0;0
Sul;2;4;0;0;1;0;0
Sul;2;4;0;0;1;0;0
Sul;2;4;0;0;2;0;0
Sul;2;4;0;0;1;0;0
Sul;2;5;0;0;1;0;0
Sul;2;5;0;0;0;3;0
Sul;2;5;0;0;0;0;0
Sul;2;4;0;0;1;0;0
Sul;2;4;0;0;1;0;0
Sul;2;4;0;0;1;0;0
Sul;2;4;0;0;0;0;0
Sul;2;4;0;0;3;2;0
Sul;2;4;0;0;1;0;0
Sul;2;4;0;0;0;0;0
Sul;2;4;0;0;1;0;0
Sul;2;4;0;0;2;0;0
Sul;2;4;0;0;0;0;0
Sul;2;4;0;0;5;1;0
Sul;2;4;0;0;1;0;0
Sul;2;5;0;0;0;0;0
Sul;2;5;0;0;1;0;0
Sul;2;4;0;0;0;0;0
Sul;2;4;0;0;1;0;0
Sul;2;4;0;0;2;0;0
Sul;2;4;0;0;1;0;0
Sul;2;4;0;0;1;0;0
Sul;2;4;0;0;3;0;0
Sul;2;4;0;0;1;0;0
Sul;2;4;0;0;1;0;0
Sul;2;4;0;0;1;0;0
Sul;2;4;0;0;1;0;0
Sul;2;4;0;0;0;0;0
Sul;2;4;0;0;1;2;0
Sul;2;4;0;0;2;0;0
Sul;2;4;0;0;5;3;0
Sul;2;4;0;0;2;0;0
Sul;2;4;0;0;4;0;0
Sul;2;4;0;0;0;0;0
Sul;2;4;0;0;3;1;0
Sul;2;4;0;0;2;0;0
Sul;2;4;0;0;1;0;0
Sul;2;4;0;0;1;0;0
Sul;2;4;0;0;0;1;0
Sul;2;4;0;0;1;0;0
Sul;2;4;0;0;1;1;0
Sul;2;4;0;0;3;0;0
Sul;2;4;0;0;4;0;0
Sul;2;4;0;0;12;1;0
Sul;2;4;0;0;14;2;0
Sul;2;4;0;0;1;1;0
Sul;2;4;0;0;1;0;0
Sul;2;4;0;0;0;0;0
Sul;2;4;0;0;1;0;0
Sul;2;4;0;0;0;0;0
Sul;2;4;0;0;0;0;0
Sul;2;4;0;0;0;1;0
Sul;2;4;0;0;2;0;0
Sul;2;4;0;0;4;0;0
Sul;2;4;0;0;1;0;0
Sul;2;4;0;0;0;0;0
Sul;2;4;0;0;3;0;0
Sul;2;4;0;0;1;0;0
Sul;2;4;0;0;6;0;0
Sul;2;4;0;0;4;0;0
Sul;2;4;0;0;16;3;0
Sul;2;4;0;0;1;0;0
Sul;2;4;0;0;2;0;0
Sul;2;4;0;0;6;1;0
Sul;2;4;0;0;3;0;0
Sul;2;4;0;0;7;1;0
Sul;2;4;0;0;1;0;0
Sul;2;5;0;0;0;0;0
Sul;2;5;0;0;0;1;0
Sul;2;4;0;0;1;0;0
Sul;2;4;0;0;1;0;0
Sul;2;4;0;0;1;0;0
Sul;2;4;0;0;0;1;0
Sul;2;4;0;0;1;0;0
Sul;2;4;0;0;1;0;0
Sul;2;4;0;0;0;0;0
Sul;2;4;0;0;0;0;0
Sul;2;4;0;0;1;0;0
Sul;2;4;0;0;3;0;0
Sul;2;4;0;0;0;0;0
Sul;2;4;0;0;0;0;0
Sul;2;4;0;0;1;0;0
Sul;2;4;0;0;1;0;0
Sul;2;4;0;0;0;0;0
Sul;2;4;0;0;1;0;0
Sul;2;4;0;0;1;0;0
Sul;2;4;0;0;2;0;0
Sul;2;4;0;0;0;0;0
Sul;2;4;0;0;2;0;0
Sul;2;4;0;0;1;0;0
Sul;2;4;0;0;1;0;0
Sul;2;4;0;0;0;1;0
Sul;2;4;0;0;2;0;0
Sul;2;4;0;0;1;0;0
Sul;2;4;0;0;0;0;0
Sul;2;4;0;0;1;0;0
Sul;2;4;0;0;4;0;0
Sul;2;5;0;0;4;0;0
Sul;2;5;0;0;2;0;0
Sul;2;4;0;0;0;0;0
Sul;2;4;0;0;1;0;0
Sul;2;4;0;0;0;0;0
Sul;2;4;0;0;7;1;0
Sul;2;4;0;0;2;0;0
Sul;2;4;0;0;0;0;0
Sul;2;4;0;0;0;0;0
Sul;2;5;0;0;0;1;0
Sul;2;4;0;0;1;0;0
Sul;2;4;0;0;0;0;0
Sul;2;4;0;0;0;0;0
Sul;2;4;0;0;1;0;0
Sul;2;4;0;0;1;0;0
Sul;2;4;0;0;1;0;0
Sul;2;4;0;0;2;0;0
Sul;2;4;0;0;1;0;0
Sul;2;4;0;0;1;1;0
Sul;2;4;0;0;2;0;0
Sul;2;4;0;0;0;0;0
Sul;2;4;0;0;0;0;0
Sul;2;4;0;0;1;0;0
Sul;2;4;0;0;1;0;0
Sul;2;4;0;0;1;0;0
Sul;2;4;0;0;2;1;0
Sul;2;4;0;0;1;0;0
Sul;2;4;0;0;2;0;0
Sul;2;4;0;0;3;0;0
Sul;2;4;0;0;1;0;0
Sul;2;5;0;0;1;0;0
Sul;2;4;0;0;1;0;0
Sul;2;4;0;0;1;0;0
Sul;2;4;0;0;2;0;0
Sul;2;4;0;0;1;0;0
Sul;2;4;0;0;1;0;0
Sul;2;4;0;0;0;0;0
Sul;2;4;0;0;0;0;0
Sul;2;4;0;0;0;0;0
Sul;2;4;0;0;1;0;0
Sul;2;4;0;0;0;0;0
Sul;2;4;0;0;1;0;0
Sul;2;4;0;0;0;0;0
Sul;2;4;0;0;2;0;0
Sul;2;4;0;0;3;0;0
Sul;2;4;0;0;2;0;0
Sul;2;4;0;0;8;0;0
Sul;2;4;0;0;1;0;0
Sul;2;4;0;0;2;0;0
Sul;2;4;0;0;0;3;0
Sul;2;4;0;0;4;0;0
Sul;2;5;0;0;0;3;0
Sul;2;5;0;0;2;0;0
Sul;2;4;0;0;1;0;0
Sul;2;4;0;0;1;0;0
Sul;2;4;0;0;1;0;0
Sul;2;4;0;0;1;0;0
Sul;2;4;0;0;1;0;0
Sul;2;4;0;0;1;0;0
Sul;2;4;0;0;0;1;0
Sul;2;4;0;0;4;0;0
Sul;2;4;0;0;9;3;0
Sul;2;4;0;0;38;7;0
Sul;2;4;0;0;7;0;0
Sul;2;4;0;0;0;1;0
Sul;2;4;0;0;0;1;0
Sul;2;4;0;0;0;0;0
Sul;2;4;0;0;0;0;0
Sul;2;4;0;0;0;0;0
Sul;2;4;0;0;0;0;0
Sul;2;4;0;0;0;0;0
Sul;2;4;0;0;1;0;0
Sul;2;4;0;0;0;0;0
Sul;2;4;0;0;1;0;0
Sul;2;4;0;0;1;0;0
Sul;2;5;0;0;0;0;0
Sul;2;4;0;0;1;0;0
Sul;2;4;0;0;1;0;0
Sul;2;4;0;0;2;0;0
Sul;2;4;0;0;1;0;0
Sul;2;4;0;0;1;0;0
Sul;2;4;0;0;5;0;0
Sul;2;4;0;0;1;0;0
Sul;2;4;0;0;0;0;0
Sul;2;4;0;0;0;0;0
Sul;2;4;0;0;0;0;0
Sul;2;4;0;0;1;0;0
Sul;2;4;0;0;2;0;0
Sul;2;5;0;0;1;0;0
Sul;2;4;0;0;1;0;0
Sul;2;4;0;0;0;1;0
Sul;2;4;0;0;1;0;0
Sul;2;4;0;0;4;1;0
Sul;2;4;0;0;4;0;0
Sul;2;4;0;0;0;0;0
Sul;2;4;0;0;0;0;0
Sul;2;4;0;0;0;0;0
Sul;2;4;0;0;2;0;0
Sul;2;4;0;0;1;0;0
Sul;2;4;0;0;1;0;0
Sul;2;4;0;0;0;0;0
Sul;2;4;0;0;1;0;0
Sul;2;4;0;0;0;0;0
Sul;2;4;0;0;2;0;0
Sul;2;4;0;0;0;0;0
